Time (s),Channel 1 (V),Channel 2 (V)
9.991169354838709e-06,2.322493398915942,-0.0232605888294955
1.000116935483871e-05,0.6379030951637807,0.01051313044937778
1.001116935483871e-05,-1.342678129638109,-0.06007394284346737
1.002116935483871e-05,-0.2719949213964971,-0.009751101117946186
1.003116935483871e-05,1.109296043502238,0.05847181182537784
1.004116935483871e-05,2.728110587021126,0.01389050237726511
1.005116935483871e-05,4.456551397595469,0.09393421706819478
1.006116935483871e-05,3.510111292016706,-0.005022780418903926
1.007116935483871e-05,2.355381279032578,-0.03406817899873495
1.008116935483871e-05,3.309129802415038,-0.01245299866025605
1.009116935483871e-05,3.937653733532981,0.05104159358402572
1.010116935483871e-05,3.173924073046643,0.02807546447439189
1.011116935483871e-05,2.859662107487672,-0.03879649969777721
1.012116935483871e-05,3.415101860568645,-0.002320882876594064
1.013116935483871e-05,3.572232843348131,0.02807546447439189
1.014116935483871e-05,3.144690401831856,0.02841320166718062
1.015116935483871e-05,3.038718343678249,-0.02562474917901663
1.016116935483871e-05,0.7548377800229329,0.02942641324554682
1.017116935483871e-05,-1.766566362252536,-0.09722503405022798
1.018116935483871e-05,-0.3012285926112852,-0.01110204988910112
1.019116935483871e-05,1.4454832624723,0.07806056900712434
1.020116935483871e-05,2.724456378119277,0.01693013711236371
1.021116935483871e-05,4.23364465458271,0.09393421706819478
1.022116935483871e-05,3.590503887857373,-0.02089642847997437
1.023116935483871e-05,2.479624381695428,-0.01447942181698844
1.024116935483871e-05,3.27989613120025,-0.01008883831073492
1.025116935483871e-05,3.849952719888617,0.05002838200565952
1.026116935483871e-05,3.247008251083614,0.01625466272678624
1.027116935483871e-05,2.826774227371036,-0.02427380040786169
1.028116935483871e-05,0.6854078108878114,0.03618115710132148
1.029116935483871e-05,-1.638669050687838,-0.09958919439974911
1.030116935483871e-05,-0.2975743837094366,0.002069700629659462
1.031116935483871e-05,1.255464399576178,0.06961713918740602
1.032116935483871e-05,-0.04177976058004125,0.04090947780036373
1.033116935483871e-05,-0.8603225545941064,-0.06311357757856596
1.034116935483871e-05,0.1372764756105355,-0.02866438391411522
1.035116935483871e-05,0.5465478726175681,0.06961713918740602
1.036116935483871e-05,-0.1806396988502845,0.01659239991957497
1.037116935483871e-05,-0.3925838151574978,-0.02832664672132649
1.038116935483871e-05,0.1811269824327176,-0.01988321690160817
1.039116935483871e-05,0.1884354002364146,0.04665101007777219
1.040116935483871e-05,-0.176985489948436,0.009837656063800316
1.041116935483871e-05,-0.1404434009299509,-0.02089642847997437
1.042116935483871e-05,0.09342596878835346,-0.001983145683805331
1.043116935483871e-05,0.02399599965323185,0.02537356693208203
1.044116935483871e-05,-0.1258265653225569,0.009499918871011584
1.045116935483871e-05,-0.06005080508928377,-0.01414168462419971
1.046116935483871e-05,0.04957546196617139,0.009837656063800316
1.047116935483871e-05,0.08977175988650496,0.01186407922053271
1.048116935483871e-05,2.676951662395247,-0.01515489620256591
1.049116935483871e-05,5.13988846224114,0.1361513661667864
1.050116935483871e-05,3.433372905077888,0.03010188763112429
1.051116935483871e-05,1.829175197166393,-0.07392116774780541
1.052116935483871e-05,3.385868189353857,-0.02157190286555183
1.053116935483871e-05,4.248261490190104,0.08819268479078632
1.054116935483871e-05,3.005830463561612,0.05408122831912431
1.055116935483871e-05,2.647717991180459,-0.06480226354250963
1.056116935483871e-05,3.513765500918554,-0.006711466382847591
1.057116935483871e-05,3.689167528207283,0.05847181182537784
1.058116935483871e-05,3.020447299169006,0.03449247113737781
1.059116935483871e-05,3.053335179285643,-0.0418361344328758
1.060116935483871e-05,3.469914994096372,4.32774729270656e-05
1.061116935483871e-05,3.396830816059402,0.0425981637643074
1.062116935483871e-05,3.100839895009674,0.009162181678222851
1.063116935483871e-05,3.228737206574371,-0.01887000532324197
1.064116935483871e-05,3.385868189353857,0.003082912208025661
1.065116935483871e-05,3.287204549003947,0.02942641324554682
1.066116935483871e-05,3.126419357322613,0.01321502799168764
1.067116935483871e-05,3.166615655242947,0.0189565602690961
1.068116935483871e-05,0.7731088245321756,0.04394911253546233
1.069116935483871e-05,-1.912734718326476,-0.1164760540391857
1.070116935483871e-05,-0.3633501439427098,-0.04014744846893214
1.071116935483871e-05,1.485679560392634,0.09629837741771591
1.072116935483871e-05,2.724456378119277,0.03516794552295528
1.073116935483871e-05,4.109401551919861,0.06759071603067363
1.074116935483871e-05,3.528382336525949,-0.02967759549248142
1.075116935483871e-05,2.4248112481677,0.007473495714279187
1.076116935483871e-05,0.5830899616360532,0.02571130412487076
1.077116935483871e-05,-1.386528636460291,-0.0881061298449322
1.078116935483871e-05,-0.2646865035928001,-0.01346621023862225
1.079116935483871e-05,1.091024998992995,0.06995487638019475
1.080116935483871e-05,2.687914289100792,0.01422823957005384
1.081116935483871e-05,4.434626144184378,0.08920589636915252
1.082116935483871e-05,3.499148665311161,0.001056489051293264
1.083116935483871e-05,2.201904505154941,-0.03474365338431241
1.084116935483871e-05,0.6305946773600837,0.01186407922053271
1.085116935483871e-05,-1.254977115993745,-0.06412678915693217
1.086116935483871e-05,-0.3048828015131336,0.0007187518585045312
1.087116935483871e-05,0.9412024340172067,0.04935290762008206
1.088116935483871e-05,-0.03447134277634423,0.02942641324554682
1.089116935483871e-05,-0.7360794519312572,-0.04825314109586172
1.090116935483871e-05,0.03495862635877737,-0.02494927479343916
1.091116935483871e-05,0.4040337254454764,0.04530006130661726
1.092116935483871e-05,-0.1623686543410419,0.01693013711236371
1.093116935483871e-05,-0.3414248905316187,-0.02663796075738283
1.094116935483871e-05,0.1153512221994445,-0.02528701198622789
1.095116935483871e-05,0.09342596878835346,0.03685663148689894
1.096116935483871e-05,-0.1696770721447389,0.01760561149794117
1.097116935483871e-05,-0.1185181475188599,-0.01110204988910112
1.098116935483871e-05,0.04592125306432289,-0.00299635726217153
1.099116935483871e-05,0.140930684512384,0.01861882307630737
1.100116935483871e-05,2.665989035689701,-0.02190964005834057
1.101116935483871e-05,5.092383746517109,0.1226418784552371
1.102116935483871e-05,3.444335531783433,0.02773772728160315
1.103116935483871e-05,1.748782601325726,-0.07527211651896035
1.104116935483871e-05,0.6963704375933568,0.009837656063800316
1.105116935483871e-05,-0.9845656572569557,-0.04116066004729833
1.106116935483871e-05,-0.4327801130778313,0.03516794552295528
1.107116935483871e-05,0.7731088245321756,0.02334714377534963
1.108116935483871e-05,0.07515492427911093,0.01929429746188483
1.109116935483871e-05,-0.5643316335443775,-0.03237949303479128
1.110116935483871e-05,-0.04177976058004125,-0.01583037058814338
1.111116935483871e-05,0.466155276776901,0.02773772728160315
1.112116935483871e-05,2.695222706904489,-0.01279073585304478
1.113116935483871e-05,4.86947700350435,0.1395287380946737
1.114116935483871e-05,3.45164394958713,0.002069700629659462
1.115116935483871e-05,1.997268806651425,-0.06074941722904484
1.116116935483871e-05,3.35298030923722,-0.02055869128718563
1.117116935483871e-05,4.116709969723558,0.07265677392250462
1.118116935483871e-05,3.067952014893037,0.03314152236622288
1.119116935483871e-05,2.713493751413732,-0.05973620565067864
1.120116935483871e-05,3.444335531783433,0.001056489051293264
1.121116935483871e-05,3.638008603581404,0.04023400341478627
1.122116935483871e-05,3.071606223794885,0.03347925955901161
1.123116935483871e-05,3.075260432696734,-0.03508139057710114
1.124116935483871e-05,3.444335531783433,0.002407437822448195
1.125116935483871e-05,3.407793442764948,0.02976415043833555
1.126116935483871e-05,3.151998819635553,0.01253955360611018
1.127116935483871e-05,3.111802521715219,-0.01380394743141098
1.128116935483871e-05,0.7073330642989024,0.02976415043833555
1.129116935483871e-05,-1.868884211504294,-0.09486087370070685
1.130116935483871e-05,-0.2646865035928001,-0.02393606321507296
1.131116935483871e-05,1.383361711140876,0.0878549475979976
1.132116935483871e-05,-0.07101343179482929,0.03820758025805387
1.133116935483871e-05,-0.9918740750606527,-0.06074941722904484
1.134116935483871e-05,0.1811269824327176,-0.04048518566172087
1.135116935483871e-05,0.6196320506545383,0.07603414585039195
1.136116935483871e-05,-0.2391070412798605,0.02267166938977216
1.137116935483871e-05,-0.4327801130778313,-0.03812102531219974
1.138116935483871e-05,0.2030522358438086,-0.02055869128718563
1.139116935483871e-05,0.3455663830159003,0.05171706796960318
1.140116935483871e-05,2.578288022045337,-0.003334094454960262
1.141116935483871e-05,5.001028523970897,0.1125097626715751
1.142116935483871e-05,3.557616007740737,0.02165845781140597
1.143116935483871e-05,1.843792032773788,-0.05568335933721385
1.144116935483871e-05,0.6415573040656293,0.01693013711236371
1.145116935483871e-05,-0.9699488216495618,-0.05399467337327018
1.146116935483871e-05,-0.3743127706482552,0.03212831078785668
1.147116935483871e-05,0.7877256601395695,0.03179057359506795
1.148116935483871e-05,0.04957546196617139,0.02436035535371583
1.149116935483871e-05,-0.5789484691517714,-0.03643233934825608
1.150116935483871e-05,-0.01620029826710171,-0.004685043226115193
1.151116935483871e-05,0.3711458453288399,0.03786984306526514
1.152116935483871e-05,-0.06735922289298078,0.008486707292645385
1.153116935483871e-05,-0.3048828015131336,-0.006373729190058857
1.154116935483871e-05,0.07515492427911093,-0.01481715900977718
1.155116935483871e-05,0.1226596400031415,0.03246604798064542
1.156116935483871e-05,-0.08928447630407182,0.008148970099856653
1.157116935483871e-05,-0.1294807742244054,-0.001983145683805331
1.158116935483871e-05,0.06053808867171691,-0.005022780418903926
1.159116935483871e-05,0.04226704416247438,0.0199697718474623
1.160116935483871e-05,-0.09659289410776883,0.01220181641332145
1.161116935483871e-05,-0.06005080508928377,-0.007386940768425056
1.162116935483871e-05,0.01303337294768634,0.007135758521490454
1.163116935483871e-05,0.09342596878835346,0.01186407922053271
1.164116935483871e-05,2.702531124708186,-0.01110204988910112
1.165116935483871e-05,5.128925835535594,0.1388532637090962
1.166116935483871e-05,3.426064487274191,0.03246604798064542
1.167116935483871e-05,1.851100450577485,-0.07020605862712935
1.168116935483871e-05,3.407793442764948,-0.01887000532324197
1.169116935483871e-05,4.244607281288256,0.08886815917636379
1.170116935483871e-05,3.020447299169006,0.0571208630542229
1.171116935483871e-05,2.658680617886004,-0.06210036600019977
1.172116935483871e-05,3.517419709820403,-0.006035991997270125
1.173116935483871e-05,3.678204901501737,0.0601604977893215
1.174116935483871e-05,3.020447299169006,0.03786984306526514
1.175116935483871e-05,2.958325747837582,-0.0408229228545096
1.176116935483871e-05,0.8059967046488121,0.03043962482391302
1.177116935483871e-05,-1.759257944448839,-0.07729853967569275
1.178116935483871e-05,-0.3560417261390127,-0.01312847304583351
1.179116935483871e-05,1.313931742005754,0.07569640865760321
1.180116935483871e-05,-0.005237671561556191,0.03753210587247641
1.181116935483871e-05,-0.9845656572569557,-0.0458889807463406
1.182116935483871e-05,0.140930684512384,-0.03778328811941101
1.183116935483871e-05,0.718295691004448,0.07299451111529336
1.184116935483871e-05,2.59655906655458,0.007135758521490454
1.185116935483871e-05,4.726962856332259,0.110145602322054
1.186116935483871e-05,3.601466514562919,-0.005360517611692659
1.187116935483871e-05,2.019194060062516,-0.03440591619152368
1.188116935483871e-05,0.5977067972434473,0.02267166938977216
1.189116935483871e-05,-1.094191924312411,-0.06108715442183357
1.190116935483871e-05,-0.2975743837094366,0.02165845781140597
1.191116935483871e-05,0.8681182559802367,0.04496232411382853
1.192116935483871e-05,-0.005237671561556191,0.03280378517343414
1.193116935483871e-05,-0.611836349268408,-0.04892861548143919
1.194116935483871e-05,0.04592125306432289,-0.002658620069382797
1.195116935483871e-05,0.3857626809362339,0.04428684972825106
1.196116935483871e-05,-0.1112097297151629,0.01118860483495525
1.197116935483871e-05,-0.3048828015131336,-0.01751905655208704
1.198116935483871e-05,0.09708017769020197,-0.01177752427467858
1.199116935483871e-05,0.1153512221994445,0.03381699675180035
1.200116935483871e-05,-0.1185181475188599,0.005447072557546791
1.201116935483871e-05,-0.1367891920281024,-0.002320882876594064
1.202116935483871e-05,0.06053808867171691,-0.004685043226115193
1.203116935483871e-05,0.02765020855508036,0.0219961950041947
1.204116935483871e-05,-0.1002471030096173,0.009837656063800316
1.205116935483871e-05,-0.06370501399113228,-0.005360517611692659
1.206116935483871e-05,0.02034179075138335,0.006122546943124256
1.207116935483871e-05,-0.03447134277634423,0.01220181641332145
1.208116935483871e-05,-0.07101343179482929,0.01017539325658905
1.209116935483871e-05,-0.03812555167819274,-0.002658620069382797
1.210116935483871e-05,-0.008891880463404698,0.01017539325658905
1.211116935483871e-05,0.07150071537726242,0.008486707292645385
1.212116935483871e-05,2.717147960315581,-0.01751905655208704
1.213116935483871e-05,5.1143089999282,0.1445947959865047
1.214116935483871e-05,3.393176607157554,0.03077736201670175
1.215116935483871e-05,1.734165765718332,-0.07324569336222796
1.216116935483871e-05,0.7219498999062963,0.01017539325658905
1.217116935483871e-05,-0.9736030305514101,-0.03204175584200255
1.218116935483871e-05,-0.4656679931944679,0.03010188763112429
1.219116935483871e-05,0.8681182559802367,0.02064524623303977
1.220116935483871e-05,2.81581160066549,0.00173196343687073
1.221116935483871e-05,4.555215037945379,0.1229796156480258
1.222116935483871e-05,3.35298030923722,0.01051313044937778
1.223116935483871e-05,2.132474536019819,-0.05298146179490398
1.224116935483871e-05,0.6854078108878114,0.01355276518447638
1.225116935483871e-05,-1.265939742699291,-0.042849346011242
1.226116935483871e-05,-0.3852753973538008,0.0007187518585045312
1.227116935483871e-05,0.9265855984098128,0.04530006130661726
1.228116935483871e-05,-0.02350871607079872,0.03246604798064542
1.229116935483871e-05,-0.7360794519312572,-0.03744555092662227
1.230116935483871e-05,0.02765020855508036,-0.01954547970881944
1.231116935483871e-05,0.44423002336581,0.04597553569219472
1.232116935483871e-05,-0.1258265653225569,0.02030750904025103
1.233116935483871e-05,-0.3670043528445582,-0.02089642847997437
1.234116935483871e-05,0.1007343865920505,-0.01684358216650957
1.235116935483871e-05,0.2578653693715362,0.0365188942941102
1.236116935483871e-05,2.647717991180459,-0.009751101117946186
1.237116935483871e-05,5.011991150676442,0.1270324619614906
1.238116935483871e-05,3.484531829703767,0.01963203465467357
1.239116935483871e-05,1.803595734853454,-0.0604116800362561
1.240116935483871e-05,0.6232862595563868,0.009162181678222851
1.241116935483871e-05,-1.021107746275441,-0.04757766671028426
1.242116935483871e-05,-0.3998922329611948,0.02942641324554682
1.243116935483871e-05,0.8936977182931762,0.02706225289602569
1.244116935483871e-05,2.826774227371036,0.003758386593603127
1.245116935483871e-05,4.59906554476756,0.1155493974066737
1.246116935483871e-05,3.37855977155016,0.01085086764216651
1.247116935483871e-05,2.154399789430911,-0.04994182705980539
1.248116935483871e-05,0.6927162286915083,0.009837656063800316
1.249116935483871e-05,-1.2440144892882,-0.04791540390307299
1.250116935483871e-05,-0.3706585617464068,0.003758386593603127
1.251116935483871e-05,0.9265855984098128,0.045637798499406
1.252116935483871e-05,0.00207074624214082,0.02739999008881442
1.253116935483871e-05,-0.7068457807164692,-0.03508139057710114
1.254116935483871e-05,0.0568838797698684,-0.02494927479343916
1.255116935483871e-05,0.466155276776901,0.04597553569219472
1.256116935483871e-05,-0.1367891920281024,0.01591692553399751
1.257116935483871e-05,-0.3596959350408612,-0.02596248637180536
1.258116935483871e-05,0.09342596878835346,-0.01819453093766451
1.259116935483871e-05,0.2359401159604452,0.03719436867968767
1.260116935483871e-05,2.640409573376762,-0.008062415154002522
1.261116935483871e-05,4.997374315069048,0.1263569875759131
1.262116935483871e-05,3.491840247507464,0.02064524623303977
1.263116935483871e-05,1.909567793007061,-0.06277584038577724
1.264116935483871e-05,3.35298030923722,-0.01751905655208704
1.265116935483871e-05,4.20806519226977,0.07299451111529336
1.266116935483871e-05,3.067952014893037,0.05306801674075812
1.267116935483871e-05,2.662334826787853,-0.06108715442183357
1.268116935483871e-05,3.466260785194524,-0.008062415154002522
1.269116935483871e-05,3.663588065894343,0.04969064481287078
1.270116935483871e-05,3.053335179285643,0.03820758025805387
1.271116935483871e-05,2.965634165641279,-0.0398097112761434
1.272116935483871e-05,0.7658004067284785,0.02638677851044822
1.273116935483871e-05,-1.766566362252536,-0.08168912318194627
1.274116935483871e-05,-0.3523875172371642,-0.01447942181698844
1.275116935483871e-05,1.419903800159361,0.07265677392250462
1.276116935483871e-05,2.753690049334065,0.01625466272678624
1.277116935483871e-05,4.240953072386407,0.1010266981167582
1.278116935483871e-05,3.553961798838888,-0.02393606321507296
1.279116935483871e-05,2.391923368051063,-0.01515489620256591
1.280116935483871e-05,0.5940525883415988,0.0199697718474623
1.281116935483871e-05,-1.397491263165837,-0.06412678915693217
1.282116935483871e-05,-0.2646865035928001,-0.008737889539579987
1.283116935483871e-05,1.010632403152328,0.06792845322346236
1.284116935483871e-05,-0.08928447630407182,0.03922079183642007
1.285116935483871e-05,-0.7287710341275604,-0.0614248916146223
1.286116935483871e-05,0.1153512221994445,-0.01650584497372084
1.287116935483871e-05,0.4259589788565675,0.05374349112633558
1.288116935483871e-05,-0.184293907752133,0.01693013711236371
1.289116935483871e-05,-0.3414248905316187,-0.03305496742036875
1.290116935483871e-05,0.133622266708687,-0.01042657550352365
1.291116935483871e-05,0.2505569515678392,0.03719436867968767
1.292116935483871e-05,2.633101155573065,-0.01481715900977718
1.293116935483871e-05,5.04122482189123,0.1266947247687019
1.294116935483871e-05,3.510111292016706,0.02165845781140597
1.295116935483871e-05,1.803595734853454,-0.0634513147713547
1.296116935483871e-05,0.6634825574767202,0.008486707292645385
1.297116935483871e-05,-0.9955282839625013,-0.0458889807463406
1.298116935483871e-05,-0.3706585617464068,0.02807546447439189
1.299116935483871e-05,0.9083145539005701,0.02503582973929329
1.300116935483871e-05,2.823120018469187,0.004433860979180592
1.301116935483871e-05,4.613682380374954,0.1145361858283075
1.302116935483871e-05,3.400485024961251,0.008824444485434119
1.303116935483871e-05,2.25306342978082,-0.05095503863817159
1.304116935483871e-05,3.382213980452008,-0.01718131935929831
1.305116935483871e-05,3.966887404747769,0.07299451111529336
1.306116935483871e-05,3.111802521715219,0.02739999008881442
1.307116935483871e-05,2.81581160066549,-0.042849346011242
1.308116935483871e-05,3.455298158488978,-0.001307671298227866
1.309116935483871e-05,3.572232843348131,0.04124721499315247
1.310116935483871e-05,3.104494103911522,0.02300940658256089
1.311116935483871e-05,3.042372552580098,-0.02866438391411522
1.312116935483871e-05,0.7365667355136905,0.03179057359506795
1.313116935483871e-05,-1.795800033467324,-0.09317218773676318
1.314116935483871e-05,-0.2902659659057396,-0.01346621023862225
1.315116935483871e-05,1.321240159809451,0.0807624665494342
1.316116935483871e-05,-0.05639659618743527,0.040571740607575
1.317116935483871e-05,-0.9918740750606527,-0.05804751968673497
1.318116935483871e-05,0.148239102316081,-0.03508139057710114
1.319116935483871e-05,0.7109872732007509,0.07299451111529336
1.320116935483871e-05,2.585596439849034,-0.0009699341054391328
1.321116935483871e-05,4.72330864743041,0.1111588139004202
1.322116935483871e-05,3.59781230566107,-0.006035991997270125
1.323116935483871e-05,2.088624029197637,-0.03744555092662227
1.324116935483871e-05,3.283550340102099,-0.01515489620256591
1.325116935483871e-05,4.080167880705073,0.05745860024701164
1.326116935483871e-05,3.15930723743925,0.03989626622199754
1.327116935483871e-05,2.739073213726671,-0.04521350636076313
1.328116935483871e-05,3.426064487274191,-0.001983145683805331
1.329116935483871e-05,3.667242274796192,0.02942641324554682
1.330116935483871e-05,3.097185686107825,0.0385453174508426
1.331116935483871e-05,3.075260432696734,-0.03474365338431241
1.332116935483871e-05,3.422410278372342,-0.0002944597198616672
1.333116935483871e-05,3.433372905077888,0.03145283640227921
1.334116935483871e-05,3.148344610733704,0.01490371395563131
1.335116935483871e-05,3.119110939518916,-0.01177752427467858
1.336116935483871e-05,0.7146414821025995,0.02739999008881442
1.337116935483871e-05,-1.846958958093203,-0.08878160423050965
1.338116935483871e-05,-0.2610322946909516,-0.0232605888294955
1.339116935483871e-05,1.368744875533482,0.09089458233309619
1.340116935483871e-05,-0.0783218495985263,0.04023400341478627
1.341116935483871e-05,-1.006490910668047,-0.05906073126510118
1.342116935483871e-05,0.1665101468253236,-0.03913423689056594
1.343116935483871e-05,0.7109872732007509,0.07806056900712434
1.344116935483871e-05,2.556362768634246,0.004433860979180592
1.345116935483871e-05,4.730617065234107,0.1033908584662793
1.346116935483871e-05,3.608774932366616,-0.003334094454960262
1.347116935483871e-05,2.088624029197637,-0.03406817899873495
1.348116935483871e-05,3.254316668887311,-0.01110204988910112
1.349116935483871e-05,4.091130507410618,0.05036611919844825
1.350116935483871e-05,3.170269864144795,0.04833969604171585
1.351116935483871e-05,2.724456378119277,-0.04690219232470679
1.352116935483871e-05,3.400485024961251,4.32774729270656e-05
1.353116935483871e-05,3.67089648369804,0.03043962482391302
1.354116935483871e-05,3.108148312813371,0.0415849521859412
1.355116935483871e-05,3.056989388187491,-0.03339270461315748
1.356116935483871e-05,3.418756069470493,-0.0002944597198616672
1.357116935483871e-05,3.418756069470493,0.03381699675180035
1.358116935483871e-05,3.151998819635553,0.01389050237726511
1.359116935483871e-05,3.100839895009674,-0.01312847304583351
1.360116935483871e-05,0.6890620197896598,0.02773772728160315
1.361116935483871e-05,-1.8542673758969,-0.08675518107377726
1.362116935483871e-05,-0.2793033392001941,-0.02157190286555183
1.363116935483871e-05,1.37239908443533,0.08819268479078632
1.364116935483871e-05,-0.07101343179482929,0.04293590095709613
1.365116935483871e-05,-0.9991824928643498,-0.05906073126510118
1.366116935483871e-05,0.1811269824327176,-0.03744555092662227
1.367116935483871e-05,0.7256041088081449,0.07974925497106801
1.368116935483871e-05,2.567325395339791,0.006460284135912988
1.369116935483871e-05,4.72330864743041,0.1033908584662793
1.370116935483871e-05,3.594158096759222,-0.004009568840537728
1.371116935483871e-05,2.084969820295789,-0.03204175584200255
1.372116935483871e-05,3.265279295592856,-0.01143978708188985
1.373116935483871e-05,4.098438925214316,0.05171706796960318
1.374116935483871e-05,3.15930723743925,0.04766422165613839
1.375116935483871e-05,2.724456378119277,-0.0438625575896082
1.376116935483871e-05,3.415101860568645,-0.001307671298227866
1.377116935483871e-05,3.656279648090646,0.03077736201670175
1.378116935483871e-05,3.115456730617067,0.04226042657151866
1.379116935483871e-05,3.049680970383795,-0.03339270461315748
1.380116935483871e-05,3.437027113979736,-0.002320882876594064
1.381116935483871e-05,3.418756069470493,0.03381699675180035
1.382116935483871e-05,3.151998819635553,0.01524145114842004
1.383116935483871e-05,3.108148312813371,-0.01447942181698844
1.384116935483871e-05,0.7000246464952053,0.02807546447439189
1.385116935483871e-05,-1.857921584798748,-0.08641744388098853
1.386116935483871e-05,-0.2793033392001941,-0.02258511444391803
1.387116935483871e-05,1.361436457729785,0.08853042198357505
1.388116935483871e-05,-0.09659289410776883,0.04428684972825106
1.389116935483871e-05,-0.9991824928643498,-0.05906073126510118
1.390116935483871e-05,0.1628559379234751,-0.03643233934825608
1.391116935483871e-05,0.5867441705379017,0.07974925497106801
1.392116935483871e-05,-0.2317986234761635,0.02841320166718062
1.393116935483871e-05,-0.4400885308815283,-0.03947197408335467
1.394116935483871e-05,0.1847811913345661,-0.01887000532324197
1.395116935483871e-05,0.3236411296048093,0.05509443989749051
1.396116935483871e-05,2.574633813143488,-0.004009568840537728
1.397116935483871e-05,4.975449061657957,0.110145602322054
1.398116935483871e-05,3.542999172133343,0.02334714377534963
1.399116935483871e-05,1.829175197166393,-0.04994182705980539
1.400116935483871e-05,0.6342488862619322,0.01186407922053271
1.401116935483871e-05,-0.9882198661588042,-0.05433241056605891
1.402116935483871e-05,-0.3596959350408612,0.03483020833016654
1.403116935483871e-05,0.7840714512377209,0.02942641324554682
1.404116935483871e-05,0.02765020855508036,0.02402261816092709
1.405116935483871e-05,-0.5935653047591656,-0.03474365338431241
1.406116935483871e-05,-0.0125460893652532,-0.006711466382847591
1.407116935483871e-05,0.466155276776901,0.03618115710132148
1.408116935483871e-05,2.680605871297095,-0.01245299866025605
1.409116935483871e-05,4.858514376798805,0.1415551612514061
1.410116935483871e-05,3.469914994096372,0.002745175015236928
1.411116935483871e-05,1.920530419712606,-0.05399467337327018
1.412116935483871e-05,0.6598283485748717,0.01017539325658905
1.413116935483871e-05,-1.079575088705017,-0.04014744846893214
1.414116935483871e-05,-0.3852753973538008,0.01355276518447638
1.415116935483871e-05,0.9521650607227523,0.03314152236622288
1.416116935483871e-05,2.771961093843308,0.01118860483495525
1.417116935483871e-05,4.547906620141681,0.1067682303941666
1.418116935483871e-05,3.422410278372342,0.009162181678222851
1.419116935483871e-05,2.169016625038305,-0.04453803197518566
1.420116935483871e-05,0.6927162286915083,0.01929429746188483
1.421116935483871e-05,-1.21843502697526,-0.05568335933721385
1.422116935483871e-05,-0.3304622638260732,0.006122546943124256
1.423116935483871e-05,0.9338940162135096,0.04969064481287078
1.424116935483871e-05,-0.0125460893652532,0.02875093885996935
1.425116935483871e-05,-0.7251168252257119,-0.04116066004729833
1.426116935483871e-05,0.03495862635877737,-0.01616810778093211
1.427116935483871e-05,0.5611647082249622,0.04969064481287078
1.428116935483871e-05,2.680605871297095,-0.007724677961213788
1.429116935483871e-05,4.832934914485865,0.1266947247687019
1.430116935483871e-05,3.542999172133343,0.003420649400814393
1.431116935483871e-05,1.927838837516303,-0.04960408986701666
1.432116935483871e-05,0.6342488862619322,0.01220181641332145
1.433116935483871e-05,-1.083229297606865,-0.04994182705980539
1.434116935483871e-05,-0.3450790994334672,0.01861882307630737
1.435116935483871e-05,0.9558192696246008,0.03415473394458908
1.436116935483871e-05,2.79023213835255,0.009837656063800316
1.437116935483871e-05,4.573486082454621,0.1054172816230117
1.438116935483871e-05,3.418756069470493,0.009499918871011584
1.439116935483871e-05,2.264026056486366,-0.04622671793912933
1.440116935483871e-05,3.35298030923722,-0.01481715900977718
1.441116935483871e-05,3.952270569140375,0.06623976725951869
1.442116935483871e-05,3.13372777512631,0.02706225289602569
1.443116935483871e-05,2.750035840432217,-0.03879649969777721
1.444116935483871e-05,0.7438751533173875,0.02638677851044822
1.445116935483871e-05,-1.591164334963808,-0.0830400719531012
1.446116935483871e-05,-0.3377706816297702,-0.0006321969126503999
1.447116935483871e-05,1.244501772870633,0.06151144656047643
1.448116935483871e-05,-0.01985450716895022,0.03516794552295528
1.449116935483871e-05,-0.893210434710743,-0.05298146179490398
1.450116935483871e-05,0.104388595493899,-0.03170401864921382
1.451116935483871e-05,0.5575104993231137,0.06556429287394122
1.452116935483871e-05,-0.1514060276354964,0.01794334869072991
1.453116935483871e-05,-0.4254716952741343,-0.02663796075738283
1.454116935483871e-05,0.1518933112179295,-0.02393606321507296
1.455116935483871e-05,0.1701643557271721,0.04597553569219472
1.456116935483871e-05,-0.1733312810465875,0.01659239991957497
1.457116935483871e-05,-0.1623686543410419,-0.0212341656727631
1.458116935483871e-05,0.111697013297596,-0.001307671298227866
1.459116935483871e-05,0.03861283526062587,0.02402261816092709
1.460116935483871e-05,-0.1002471030096173,0.01152634202774398
1.461116935483871e-05,-0.03812555167819274,-0.01751905655208704
1.462116935483871e-05,0.0568838797698684,0.01017539325658905
1.463116935483871e-05,-0.008891880463404698,0.01389050237726511
1.464116935483871e-05,-0.07101343179482929,0.008148970099856653
1.465116935483871e-05,-0.005237671561556191,-0.005360517611692659
1.466116935483871e-05,0.01668758184953484,0.01253955360611018
1.467116935483871e-05,0.08611755098465644,0.008824444485434119
1.468116935483871e-05,2.746381631530368,-0.02089642847997437
1.469116935483871e-05,5.132580044437442,0.147972167914392
1.470116935483871e-05,3.400485024961251,0.02908867605275809
1.471116935483871e-05,1.847446241675636,-0.07628532809732655
1.472116935483871e-05,3.426064487274191,-0.0232605888294955
1.473116935483871e-05,4.259224116895649,0.09460969145377225
1.474116935483871e-05,3.0350641347764,0.05239254235518065
1.475116935483871e-05,2.567325395339791,-0.06581547512087584
1.476116935483871e-05,0.8242677491580546,0.02739999008881442
1.477116935483871e-05,-1.48884648571205,-0.06750416108481949
1.478116935483871e-05,-0.4072006507648918,0.01186407922053271
1.479116935483871e-05,1.167763385931814,0.04833969604171585
1.480116935483871e-05,0.04957546196617139,0.03314152236622288
1.481116935483871e-05,-0.842051510084864,-0.03778328811941101
1.482116935483871e-05,0.06419229757356541,-0.02967759549248142
1.483116935483871e-05,0.6379030951637807,0.06083597217489897
1.484116935483871e-05,2.673297453493398,-0.006035991997270125
1.485116935483871e-05,4.745233900841501,0.1246683016119695
1.486116935483871e-05,3.546653381035191,-0.004685043226115193
1.487116935483871e-05,1.982651971044031,-0.0408229228545096
1.488116935483871e-05,0.6050152150471442,0.01693013711236371
1.489116935483871e-05,-1.116117177723502,-0.05399467337327018
1.490116935483871e-05,-0.3304622638260732,0.01861882307630737
1.491116935483871e-05,0.871772464882085,0.040571740607575
1.492116935483871e-05,-0.0125460893652532,0.03381699675180035
1.493116935483871e-05,-0.6483784382868931,-0.04960408986701666
1.494116935483871e-05,0.03861283526062587,-0.005360517611692659
1.495116935483871e-05,0.510005783599083,0.0415849521859412
1.496116935483871e-05,2.665989035689701,-0.009075626732368719
1.497116935483871e-05,4.862168585700653,0.1250060388047582
1.498116935483871e-05,3.491840247507464,0.006460284135912988
1.499116935483871e-05,1.924184628614455,-0.05196825021653779
1.500116935483871e-05,0.6452115129674778,0.009837656063800316
1.501116935483871e-05,-1.075920879803168,-0.04420029478239693
1.502116935483871e-05,-0.3450790994334672,0.01659239991957497
1.503116935483871e-05,0.8388845847654487,0.03618115710132148
1.504116935483871e-05,0.01303337294768634,0.02773772728160315
1.505116935483871e-05,-0.6337616026794992,-0.03812102531219974
1.506116935483871e-05,0.01668758184953484,-0.01143978708188985
1.507116935483871e-05,0.3857626809362339,0.03989626622199754
1.508116935483871e-05,-0.1075555208133143,0.01389050237726511
1.509116935483871e-05,-0.3085370104149822,-0.01515489620256591
1.510116935483871e-05,0.08246334208280794,-0.01481715900977718
1.511116935483871e-05,0.2322859070585967,0.03280378517343414
1.512116935483871e-05,2.680605871297095,-0.01312847304583351
1.513116935483871e-05,4.997374315069048,0.1320985198533216
1.514116935483871e-05,3.473569202998221,0.01659239991957497
1.515116935483871e-05,1.796287317049757,-0.06210036600019977
1.516116935483871e-05,0.6744451841822658,0.01220181641332145
1.517116935483871e-05,-1.013799328471744,-0.0458889807463406
1.518116935483871e-05,-0.3998922329611948,0.02773772728160315
1.519116935483871e-05,0.7986882868451151,0.02638677851044822
1.520116935483871e-05,0.03495862635877737,0.02706225289602569
1.521116935483871e-05,-0.5972195136610141,-0.03339270461315748
1.522116935483871e-05,-0.008891880463404698,-0.006373729190058857
1.523116935483871e-05,0.3601832186232944,0.03550568271574401
1.524116935483871e-05,-0.0783218495985263,0.01051313044937778
1.525116935483871e-05,-0.2975743837094366,-0.008400152346791255
1.526116935483871e-05,0.0532296708680199,-0.01549263339535464
1.527116935483871e-05,0.111697013297596,0.03010188763112429
1.528116935483871e-05,-0.1075555208133143,0.009162181678222851
1.529116935483871e-05,-0.1477518187336479,-0.004009568840537728
1.530116935483871e-05,0.03495862635877737,-0.004009568840537728
1.531116935483871e-05,0.03130441745692886,0.02030750904025103
1.532116935483871e-05,-0.1075555208133143,0.01186407922053271
1.533116935483871e-05,-0.06005080508928377,-0.007049203575636323
1.534116935483871e-05,-0.001583462659707686,0.006798021328701722
1.535116935483871e-05,-0.05639659618743527,0.01287729079889891
1.536116935483871e-05,-0.06370501399113228,0.01118860483495525
1.537116935483871e-05,-0.03081713387449573,-0.00299635726217153
1.538116935483871e-05,-0.005237671561556191,0.01085086764216651
1.539116935483871e-05,0.06419229757356541,0.009499918871011584
1.540116935483871e-05,2.724456378119277,-0.01684358216650957
1.541116935483871e-05,5.1143089999282,0.1483099051071808
1.542116935483871e-05,3.374905562648312,0.03010188763112429
1.543116935483871e-05,1.83648361497009,-0.07459664213338288
1.544116935483871e-05,3.407793442764948,-0.01751905655208704
1.545116935483871e-05,4.222682027877164,0.09292100548982858
1.546116935483871e-05,3.009484672463461,0.05509443989749051
1.547116935483871e-05,2.665989035689701,-0.06581547512087584
1.548116935483871e-05,3.521073918722252,-0.0009699341054391328
1.549116935483871e-05,3.681859110403586,0.05644538866864544
1.550116935483871e-05,3.009484672463461,0.03786984306526514
1.551116935483871e-05,3.067952014893037,-0.04420029478239693
1.552116935483871e-05,3.462606576292675,0.004771598171969324
1.553116935483871e-05,3.367597144844614,0.04428684972825106
1.554116935483871e-05,3.108148312813371,0.007473495714279187
1.555116935483871e-05,3.122765148420764,-0.01346621023862225
1.556116935483871e-05,0.7073330642989024,0.03618115710132148
1.557116935483871e-05,-1.887155256013537,-0.08675518107377726
1.558116935483871e-05,-0.2756491302983456,-0.0212341656727631
1.559116935483871e-05,1.482025351490786,0.0868417360196314
1.560116935483871e-05,2.695222706904489,0.02132072061861723
1.561116935483871e-05,4.178831521054983,0.08549078724847646
1.562116935483871e-05,3.568578634446282,-0.02157190286555183
1.563116935483871e-05,2.406540203658457,-0.007049203575636323
1.564116935483871e-05,0.5465478726175681,0.02267166938977216
1.565116935483871e-05,-1.375566009754746,-0.07155700739828429
1.566116935483871e-05,-0.242761250181709,-0.002658620069382797
1.567116935483871e-05,1.010632403152328,0.07096808795856095
1.568116935483871e-05,-0.1075555208133143,0.03786984306526514
1.569116935483871e-05,-0.7470420786368028,-0.05973620565067864
1.570116935483871e-05,0.09708017769020197,-0.01211526146746732
1.571116935483871e-05,0.4405758144639615,0.05644538866864544
1.572116935483871e-05,-0.1952565344576785,0.01760561149794117
1.573116935483871e-05,-0.3560417261390127,-0.03069080707084762
1.574116935483871e-05,0.1080428043957475,-0.01279073585304478
1.575116935483871e-05,0.1080428043957475,0.03888305464363134
1.576116935483871e-05,-0.1623686543410419,0.01152634202774398
1.577116935483871e-05,-0.1258265653225569,-0.01380394743141098
1.578116935483871e-05,0.08611755098465644,-0.0009699341054391328
1.579116935483871e-05,0.155547520119778,0.02165845781140597
1.580116935483871e-05,2.687914289100792,-0.01583037058814338
1.581116935483871e-05,5.092383746517109,0.1334494686244765
1.582116935483871e-05,3.429718696176039,0.02436035535371583
1.583116935483871e-05,1.858408868381181,-0.0695305842415519
1.584116935483871e-05,3.404139233863099,-0.01751905655208704
1.585116935483871e-05,4.248261490190104,0.08110020374222293
1.586116935483871e-05,3.067952014893037,0.05644538866864544
1.587116935483871e-05,2.592904857652731,-0.0614248916146223
1.588116935483871e-05,0.8023424957469636,0.02436035535371583
1.589116935483871e-05,-1.485192276810201,-0.07054379581991808
1.590116935483871e-05,-0.4254716952741343,0.01118860483495525
1.591116935483871e-05,1.244501772870633,0.04901517042729332
1.592116935483871e-05,2.804848973959944,0.01017539325658905
1.593116935483871e-05,4.321345668227075,0.1118342882859976
1.594116935483871e-05,3.444335531783433,-0.01245299866025605
1.595116935483871e-05,2.417502830364003,-0.02731343514296029
1.596116935483871e-05,3.338363473629826,-0.01549263339535464
1.597116935483871e-05,3.831681675379375,0.06455108129557503
1.598116935483871e-05,3.173924073046643,0.01355276518447638
1.599116935483871e-05,2.797540556156247,-0.03069080707084762
1.600116935483871e-05,0.6854078108878114,0.03347925955901161
1.601116935483871e-05,-1.645977468491535,-0.08574196949541106
1.602116935483871e-05,-0.3121912193168306,-0.0002944597198616672
1.603116935483871e-05,1.244501772870633,0.06860392760903983
1.604116935483871e-05,-0.06370501399113228,0.0415849521859412
1.605116935483871e-05,-0.9187898970236825,-0.06176262880741103
1.606116935483871e-05,0.133622266708687,-0.02427380040786169
1.607116935483871e-05,0.5063515746972347,0.06623976725951869
1.608116935483871e-05,-0.19160232555583,0.02030750904025103
1.609116935483871e-05,-0.4218174863722858,-0.03001533268527015
1.610116935483871e-05,0.155547520119778,-0.01853226813045324
1.611116935483871e-05,0.1847811913345661,0.04969064481287078
1.612116935483871e-05,-0.206219161163224,0.009837656063800316
1.613116935483871e-05,-0.1806396988502845,-0.01853226813045324
1.614116935483871e-05,0.07515492427911093,-0.001983145683805331
1.615116935483871e-05,0.1226596400031415,0.02841320166718062
1.616116935483871e-05,2.629446946671216,-0.01414168462419971
1.617116935483871e-05,5.077766910909715,0.1307475710821667
1.618116935483871e-05,3.447989740685281,0.02976415043833555
1.619116935483871e-05,1.730511556816484,-0.06682868669924202
1.620116935483871e-05,0.6452115129674778,0.008824444485434119
1.621116935483871e-05,-0.9991824928643498,-0.04521350636076313
1.622116935483871e-05,-0.4364343219796799,0.03584341990853274
1.623116935483871e-05,0.8608098381765397,0.01929429746188483
1.624116935483871e-05,2.830428436272884,0.003420649400814393
1.625116935483871e-05,4.591757126963864,0.1192645065273497
1.626116935483871e-05,3.37855977155016,0.009499918871011584
1.627116935483871e-05,2.147091371627214,-0.05061730144538285
1.628116935483871e-05,0.6854078108878114,0.01118860483495525
1.629116935483871e-05,-1.236706071484503,-0.04453803197518566
1.630116935483871e-05,-0.3633501439427098,0.002069700629659462
1.631116935483871e-05,1.047174492170813,0.04665101007777219
1.632116935483871e-05,2.801194765058096,0.009162181678222851
1.633116935483871e-05,4.482130859908408,0.1094701279364765
1.634116935483871e-05,3.444335531783433,-0.001307671298227866
1.635116935483871e-05,2.227483967467881,-0.04116066004729833
1.636116935483871e-05,0.6671367663785688,0.0189565602690961
1.637116935483871e-05,-1.269593951601139,-0.0614248916146223
1.638116935483871e-05,-0.3121912193168306,0.003420649400814393
1.639116935483871e-05,1.072753954483753,0.04935290762008206
1.640116935483871e-05,2.76830688494146,0.01253955360611018
1.641116935483871e-05,4.474822442104712,0.1003512237311807
1.642116935483871e-05,3.458952367390827,0.00173196343687073
1.643116935483871e-05,2.333456025621487,-0.03812102531219974
1.644116935483871e-05,3.331055055826129,-0.01447942181698844
1.645116935483871e-05,3.926691106827436,0.05745860024701164
1.646116935483871e-05,3.137381984028158,0.02672451570323696
1.647116935483871e-05,2.735419004824823,-0.03845876250498848
1.648116935483871e-05,0.7256041088081449,0.02604904131765949
1.649116935483871e-05,-1.605781170571202,-0.08574196949541106
1.650116935483871e-05,-0.3487333083353157,4.32774729270656e-05
1.651116935483871e-05,1.237193355066936,0.06286239533163136
1.652116935483871e-05,-0.05274238728558676,0.03618115710132148
1.653116935483871e-05,-0.9078272703181371,-0.05433241056605891
1.654116935483871e-05,0.104388595493899,-0.03069080707084762
1.655116935483871e-05,0.6452115129674778,0.0642133441027863
1.656116935483871e-05,2.629446946671216,-0.00299635726217153
1.657116935483871e-05,4.737925483037804,0.1175758205634061
1.658116935483871e-05,3.557616007740737,-0.006711466382847591
1.659116935483871e-05,2.063044566884698,-0.0398097112761434
1.660116935483871e-05,3.290858757905796,-0.01583037058814338
1.661116935483871e-05,4.076513671803224,0.05982276059653277
1.662116935483871e-05,3.115456730617067,0.04023400341478627
1.663116935483871e-05,2.636755364474913,-0.04656445513191806
1.664116935483871e-05,0.7073330642989024,0.02976415043833555
1.665116935483871e-05,-1.56193066374902,-0.08878160423050965
1.666116935483871e-05,-0.3670043528445582,0.01389050237726511
1.667116935483871e-05,1.164109177029965,0.05745860024701164
1.668116935483871e-05,-0.03081713387449573,0.03381699675180035
1.669116935483871e-05,-0.8530141367904094,-0.05061730144538285
1.670116935483871e-05,0.06419229757356541,-0.02562474917901663
1.671116935483871e-05,0.510005783599083,0.06184918375326517
1.672116935483871e-05,-0.1587144454391934,0.01389050237726511
1.673116935483871e-05,-0.4145090685685888,-0.01988321690160817
1.674116935483871e-05,0.1153512221994445,-0.02359832602228423
1.675116935483871e-05,0.2797906227826272,0.04428684972825106
1.676116935483871e-05,2.603867484358277,-0.009075626732368719
1.677116935483871e-05,4.964486434952411,0.1263569875759131
1.678116935483871e-05,3.495494456409312,0.01490371395563131
1.679116935483871e-05,1.821866779362697,-0.05737204530115751
1.680116935483871e-05,0.6232862595563868,0.01726787430515244
1.681116935483871e-05,-0.9991824928643498,-0.05095503863817159
1.682116935483871e-05,-0.3706585617464068,0.03179057359506795
1.683116935483871e-05,0.8900435093913277,0.02773772728160315
1.684116935483871e-05,2.823120018469187,0.007473495714279187
1.685116935483871e-05,4.595411335865712,0.1125097626715751
1.686116935483871e-05,3.400485024961251,0.01321502799168764
1.687116935483871e-05,2.139782953823516,-0.0458889807463406
1.688116935483871e-05,0.6854078108878114,0.01118860483495525
1.689116935483871e-05,-1.229397653680806,-0.04994182705980539
1.690116935483871e-05,-0.3560417261390127,0.005109335364758058
1.691116935483871e-05,1.043520283268965,0.045637798499406
1.692116935483871e-05,2.779269511647005,0.004771598171969324
1.693116935483871e-05,4.474822442104712,0.1148739230210962
1.694116935483871e-05,3.437027113979736,-0.002320882876594064
1.695116935483871e-05,2.238446594173426,-0.04048518566172087
1.696116935483871e-05,0.6232862595563868,0.01726787430515244
1.697116935483871e-05,-1.265939742699291,-0.05906073126510118
1.698116935483871e-05,-0.3231538460223762,4.32774729270656e-05
1.699116935483871e-05,0.9375482251153582,0.05205480516239192
1.700116935483871e-05,-0.03447134277634423,0.03179057359506795
1.701116935483871e-05,-0.7031915718146207,-0.04690219232470679
1.702116935483871e-05,0.0568838797698684,-0.01887000532324197
1.703116935483871e-05,0.5611647082249622,0.045637798499406
1.704116935483871e-05,2.66964324459155,-0.002658620069382797
1.705116935483871e-05,4.814663869976623,0.1179135577561948
1.706116935483871e-05,3.506457083114857,0.003420649400814393
1.707116935483871e-05,1.93514725532,-0.05129277583096032
1.708116935483871e-05,0.6086694239489927,0.01017539325658905
1.709116935483871e-05,-1.079575088705017,-0.05534562214442511
1.710116935483871e-05,-0.3414248905316187,0.0189565602690961
1.711116935483871e-05,0.9558192696246008,0.03381699675180035
1.712116935483871e-05,2.797540556156247,0.005447072557546791
1.713116935483871e-05,4.569831873552773,0.1060927560085892
1.714116935483871e-05,3.396830816059402,0.00781123290706792
1.715116935483871e-05,2.267680265388214,-0.04622671793912933
1.716116935483871e-05,3.360288727040917,-0.0192077425160307
1.717116935483871e-05,3.959578986944072,0.06927940199461728
1.718116935483871e-05,3.108148312813371,0.02638677851044822
1.719116935483871e-05,2.826774227371036,-0.042849346011242
1.720116935483871e-05,3.426064487274191,-0.003671831647748995
1.721116935483871e-05,3.561270216642585,0.0415849521859412
1.722116935483871e-05,3.104494103911522,0.02334714377534963
1.723116935483871e-05,3.009484672463461,-0.02900212110690395
1.724116935483871e-05,0.7109872732007509,0.03280378517343414
1.725116935483871e-05,-1.803108451271021,-0.09452313650791812
1.726116935483871e-05,-0.2793033392001941,-0.01346621023862225
1.727116935483871e-05,1.313931742005754,0.08042472935664548
1.728116935483871e-05,-0.0783218495985263,0.0395585290292088
1.729116935483871e-05,-0.9882198661588042,-0.06007394284346737
1.730116935483871e-05,0.1372764756105355,-0.03474365338431241
1.731116935483871e-05,0.6927162286915083,0.07434545988644828
1.732116935483871e-05,2.581942230947186,0.001394226244081997
1.733116935483871e-05,4.712346020724865,0.1111588139004202
1.734116935483871e-05,3.575887052249979,-0.005022780418903926
1.735116935483871e-05,2.070352984688395,-0.03508139057710114
1.736116935483871e-05,3.257970877789159,-0.01312847304583351
1.737116935483871e-05,4.080167880705073,0.05779633743980037
1.738116935483871e-05,3.13372777512631,0.04597553569219472
1.739116935483871e-05,2.717147960315581,-0.04656445513191806
1.740116935483871e-05,3.371251353746463,-0.0006321969126503999
1.741116935483871e-05,3.62339176797401,0.03246604798064542
1.742116935483871e-05,3.06064359708934,0.04090947780036373
1.743116935483871e-05,2.943708912230188,-0.03305496742036875
1.744116935483871e-05,0.7000246464952053,0.02875093885996935
1.745116935483871e-05,-1.759257944448839,-0.08945707861608712
1.746116935483871e-05,-0.3121912193168306,-0.009413363925157453
1.747116935483871e-05,1.29931490639836,0.07839830619991307
1.748116935483871e-05,-0.08928447630407182,0.03449247113737781
1.749116935483871e-05,-0.9772572394532586,-0.04825314109586172
1.750116935483871e-05,0.1153512221994445,-0.03812102531219974
1.751116935483871e-05,0.6890620197896598,0.07333224830808208
1.752116935483871e-05,2.607521693260125,-0.0006321969126503999
1.753116935483871e-05,4.74888810974335,0.1152116602138849
1.754116935483871e-05,3.601466514562919,-0.006711466382847591
1.755116935483871e-05,2.095932447001335,-0.03609460215546734
1.756116935483871e-05,3.261625086691008,-0.01380394743141098
1.757116935483871e-05,4.069205253999527,0.05374349112633558
1.758116935483871e-05,3.148344610733704,0.04496232411382853
1.759116935483871e-05,2.618484319965671,-0.04521350636076313
1.760116935483871e-05,0.6963704375933568,0.03381699675180035
1.761116935483871e-05,-1.532696992534232,-0.09047029019445332
1.762116935483871e-05,-0.3450790994334672,0.01828108588351864
1.763116935483871e-05,1.284698070790966,0.05509443989749051
1.764116935483871e-05,2.786577929450702,0.01253955360611018
1.765116935483871e-05,4.328654086030771,0.1006889609239694
1.766116935483871e-05,3.469914994096372,-0.008062415154002522
1.767116935483871e-05,2.289605518799305,-0.02359832602228423
1.768116935483871e-05,0.6159778417526898,0.01118860483495525
1.769116935483871e-05,-1.331715502932564,-0.05399467337327018
1.770116935483871e-05,-0.2683407124946486,-0.006373729190058857
1.771116935483871e-05,1.010632403152328,0.06252465813884263
1.772116935483871e-05,-0.05274238728558676,0.03145283640227921
1.773116935483871e-05,-0.7397336608331058,-0.04420029478239693
1.774116935483871e-05,0.1007343865920505,-0.0232605888294955
1.775116935483871e-05,0.5830899616360532,0.05306801674075812
1.776116935483871e-05,2.676951662395247,-0.0002944597198616672
1.777116935483871e-05,4.843897541191411,0.1152116602138849
1.778116935483871e-05,3.564924425544433,0.005447072557546791
1.779116935483871e-05,1.931493046418152,-0.04656445513191806
1.780116935483871e-05,0.6123236328508412,0.01557918834120877
1.781116935483871e-05,-1.064958253097623,-0.05703430810836878
1.782116935483871e-05,-0.3341164727279217,0.02267166938977216
1.783116935483871e-05,0.9412024340172067,0.03719436867968767
1.784116935483871e-05,2.804848973959944,0.006460284135912988
1.785116935483871e-05,4.57714029135647,0.1067682303941666
1.786116935483871e-05,3.418756069470493,0.009499918871011584
1.787116935483871e-05,2.147091371627214,-0.04622671793912933
1.788116935483871e-05,0.6452115129674778,0.009162181678222851
1.789116935483871e-05,-1.258631324895594,-0.05298146179490398
1.790116935483871e-05,-0.3341164727279217,0.003758386593603127
1.791116935483871e-05,0.9302398073116611,0.04766422165613839
1.792116935483871e-05,-0.008891880463404698,0.02739999008881442
1.793116935483871e-05,-0.6958831540109238,-0.03778328811941101
1.794116935483871e-05,0.04226704416247438,-0.02089642847997437
1.795116935483871e-05,0.4405758144639615,0.04462458692103979
1.796116935483871e-05,-0.1477518187336479,0.01760561149794117
1.797116935483871e-05,-0.3341164727279217,-0.02055869128718563
1.798116935483871e-05,0.09342596878835346,-0.01718131935929831
1.799116935483871e-05,0.2724822049789302,0.03347925955901161
1.800116935483871e-05,2.66964324459155,-0.009075626732368719
1.801116935483871e-05,5.008336941774593,0.1266947247687019
1.802116935483871e-05,3.480877620801918,0.01659239991957497
1.803116935483871e-05,1.810904152657151,-0.06311357757856596
1.804116935483871e-05,0.6525199307711749,0.01355276518447638
1.805116935483871e-05,-0.9882198661588042,-0.05095503863817159
1.806116935483871e-05,-0.3962380240593463,0.02841320166718062
1.807116935483871e-05,0.7950340779432665,0.02672451570323696
1.808116935483871e-05,0.03130441745692886,0.02503582973929329
1.809116935483871e-05,-0.5789484691517714,-0.03541912776988988
1.810116935483871e-05,0.01303337294768634,-0.006035991997270125
1.811116935483871e-05,0.3821084720343854,0.03719436867968767
1.812116935483871e-05,-0.0819760585003748,0.007473495714279187
1.813116935483871e-05,-0.2902659659057396,-0.009413363925157453
1.814116935483871e-05,0.06784650647541392,-0.01616810778093211
1.815116935483871e-05,0.1372764756105355,0.02942641324554682
1.816116935483871e-05,-0.09293868520592033,0.00781123290706792
1.817116935483871e-05,-0.1367891920281024,-0.005360517611692659
1.818116935483871e-05,0.04957546196617139,-0.005022780418903926
1.819116935483871e-05,0.1701643557271721,0.01861882307630737
1.820116935483871e-05,2.724456378119277,-0.01177752427467858
1.821116935483871e-05,5.096037955418957,0.1354758917812089
1.822116935483871e-05,3.422410278372342,0.02402261816092709
1.823116935483871e-05,1.883988330694121,-0.07121927020549555
1.824116935483871e-05,3.385868189353857,-0.01279073585304478
1.825116935483871e-05,4.226336236779013,0.08008699216385674
1.826116935483871e-05,3.0350641347764,0.05644538866864544
1.827116935483871e-05,2.57097960424164,-0.06277584038577724
1.828116935483871e-05,0.8023424957469636,0.02706225289602569
1.829116935483871e-05,-1.492500694613898,-0.07088153301270682
1.830116935483871e-05,-0.4145090685685888,0.01321502799168764
1.831116935483871e-05,1.164109177029965,0.05104159358402572
1.832116935483871e-05,0.03130441745692886,0.03010188763112429
1.833116935483871e-05,-0.8676309723978035,-0.03508139057710114
1.834116935483871e-05,0.0532296708680199,-0.02663796075738283
1.835116935483871e-05,0.5246226192064771,0.0591472862109553
1.836116935483871e-05,-0.1404434009299509,0.0199697718474623
1.837116935483871e-05,-0.4108548596667403,-0.01718131935929831
1.838116935483871e-05,0.119005431101293,-0.0222473772511293
1.839116935483871e-05,0.3236411296048093,0.0436113753426736
1.840116935483871e-05,2.64406378227861,-0.004347306033326461
1.841116935483871e-05,4.979103270559805,0.1253437759975469
1.842116935483871e-05,3.495494456409312,0.01760561149794117
1.843116935483871e-05,1.829175197166393,-0.05770978249394624
1.844116935483871e-05,0.6305946773600837,0.01929429746188483
1.845116935483871e-05,-1.010145119569895,-0.05027956425259412
1.846116935483871e-05,-0.3779669795501038,0.03043962482391302
1.847116935483871e-05,0.7950340779432665,0.03314152236622288
1.848116935483871e-05,-0.001583462659707686,0.02638677851044822
1.849116935483871e-05,-0.5972195136610141,-0.03609460215546734
1.850116935483871e-05,-0.0125460893652532,-0.002658620069382797
1.851116935483871e-05,0.4698094856787495,0.0385453174508426
1.852116935483871e-05,2.698876915806338,-0.01279073585304478
1.853116935483871e-05,4.865822794602502,0.1385155265163075
1.854116935483871e-05,3.444335531783433,0.003420649400814393
1.855116935483871e-05,1.876679912890424,-0.05163051302374905
1.856116935483871e-05,0.6452115129674778,0.00781123290706792
1.857116935483871e-05,-1.094191924312411,-0.03879649969777721
1.858116935483871e-05,-0.3670043528445582,0.01591692553399751
1.859116935483871e-05,0.8242677491580546,0.03550568271574401
1.860116935483871e-05,0.009379164045837831,0.03246604798064542
1.861116935483871e-05,-0.6629952738942873,-0.03744555092662227
1.862116935483871e-05,-0.005237671561556191,-0.008400152346791255
1.863116935483871e-05,0.3821084720343854,0.0415849521859412
1.864116935483871e-05,-0.1112097297151629,0.01963203465467357
1.865116935483871e-05,-0.3231538460223762,-0.01447942181698844
1.866116935483871e-05,0.0568838797698684,-0.009751101117946186
1.867116935483871e-05,0.111697013297596,0.03550568271574401
1.868116935483871e-05,-0.1331349831262539,0.01321502799168764
1.869116935483871e-05,-0.1550602365373449,-0.007724677961213788
1.870116935483871e-05,0.03130441745692886,0.001394226244081997
1.871116935483871e-05,-0.008891880463404698,0.02503582973929329
