Frequency (Hz),Trace 1 (dBV),Phase (deg),Trace 2 (dBV),Phase (deg)
0,5.33248364517002,0,-42.28470360818696,0
24.4140625,5.041575300754737,-179.0613512013824,-42.88414682252576,-179.8164701941591
48.828125,1.438248559206072,2.166078274587485,-46.54581783415576,1.375453796659787
73.2421875,-9.510023681264974,-171.1713953991683,-56.90526005822939,164.651487964835
97.65625,-26.1806062836113,68.25510498291591,-59.01984365613753,-107.1695027550668
122.0703125,-29.80903871973276,-119.3905674525414,-55.90375482687578,58.44697203094824
146.484375,-27.57544581151061,22.42035060902485,-54.2002662484876,-134.3233941502867
170.8984375,-24.29837969361319,-164.4669018183344,-55.16509694496386,35.35350896329411
195.3125,-25.21969901121056,21.23720923436829,-60.89158966944506,-156.6947667440567
219.7265625,-29.04176508891737,-150.5763125044507,-67.6582932901004,10.75647049242567
244.140625,-32.46581366341096,45.17164775780613,-73.29932316752577,-28.49810554851102
268.5546875,-39.53265541573967,-102.659891203671,-62.13406660619753,173.657877706764
292.96875,-38.75022965976748,-137.0649270997672,-62.21067311086293,-19.6949868558969
317.3828125,-44.85059683411222,105.2070678237401,-61.3904954288396,143.9164926155654
341.796875,-33.42112003730042,44.51741856819126,-59.91564344542512,-36.17334209126822
366.2109375,-30.3971678828333,-98.59477332329861,-59.97206369371157,130.9201947704937
390.625,-26.42085298933962,95.30387074769112,-60.28626055356998,-87.10010328146606
415.0390625,-24.28836729021539,-85.20921469941709,-57.34385677823583,51.50013537585497
439.453125,-24.72603408134442,106.5768726846056,-55.7999268451922,-152.8477123860478
463.8671875,-27.7667357590426,-62.73568078853467,-55.38231144547821,17.15390686564573
488.28125,-34.33769481398743,112.0319588002501,-55.65310380281102,-156.3803966274991
512.6953125,-40.37300154958778,-16.2606252018831,-60.03345647248851,36.42075114159045
537.109375,-30.4965300553328,-129.3726290933924,-64.10766626907247,-103.9785036512273
561.5234375,-25.78694850464668,68.45600232966906,-63.83901562147244,79.87356476566131
585.9375,-24.2009263654759,-109.0487909603885,-74.68487166172585,-125.5811140124381
610.3515625,-24.56382028882028,72.62854723330391,-62.94162208209894,-16.52089878403664
634.765625,-27.03484651724893,-97.71629531183942,-56.94342499891923,166.774100135051
659.1796875,-32.87616566404058,86.8923495621665,-59.35966466271098,-27.68888576288387
683.59375,-42.71889226069455,79.60666032738085,-65.03451371927488,146.3753754100155
708.0078125,-30.51843326052182,-105.0533375778734,-68.69100455357696,-11.82036683295872
732.421875,-28.89533567997202,81.48238806097891,-73.09312591853904,132.1787819604577
756.8359375,-28.2044140184677,-89.74636507278456,-68.02101462899897,-42.43030491587018
781.25,-28.83501457264827,90.99482107493964,-62.63369333805487,158.1526539681965
805.6640625,-31.28549785326197,-80.14665924945868,-62.8201427669388,-17.80628202098275
830.078125,-36.94850684597041,112.2928431696379,-65.67263314124284,148.1837656334434
854.4921875,-55.3294541006336,80.4485125134037,-69.15747236723404,-32.16874145153956
878.90625,-44.52766283038584,-61.06830061627336,-79.06054550065288,-115.9098917514242
903.3203125,-37.73594445177504,170.5713421924302,-78.63560092256367,-147.0389210687481
927.734375,-35.00036176238709,-8.299836879254897,-69.99131485355673,90.51023856351024
952.1484375,-42.06888822909187,160.3174218388914,-69.80695847215925,-129.8627613711385
976.5625,-51.87988424390397,-174.1185154564749,-64.67238464057363,19.76043960589275
1000.9765625,-39.25662291346414,-12.27305920514925,-63.60764944775784,168.403394187204
1025.390625,-37.49974899302949,141.3070942699141,-57.76149855940319,-41.36009320675166
1049.8046875,-35.15459895058148,-89.04057084926045,-54.00015345486477,141.5531121016335
1074.21875,-32.28826802134974,79.80288991563404,-53.61242896375074,-35.07176757112246
1098.6328125,-32.20514018650861,-94.94211324489339,-55.70270405609676,139.087115103139
1123.046875,-37.30193459131098,95.46344611509571,-62.2091767543735,-49.42999324228879
1147.4609375,-39.97266490726916,-14.31932577612647,-69.26307646914088,16.76099404039288
1171.875,-39.08942309789367,162.2752904774411,-59.42931150737684,-163.8638404423016
1196.2890625,-49.70023830667601,135.3515309597482,-57.14411897823197,25.43406462299288
1220.703125,-33.79350914594829,-69.87770020224156,-60.73246277692963,-153.2214536628134
1245.1171875,-28.65318651037765,99.16354351863927,-71.92483303222672,57.46354015528475
1269.53125,-25.58246854390978,-90.70024949409759,-72.3227678301381,7.756683140474582
1293.9453125,-24.66122286468638,69.62029625910377,-63.59606438077756,-120.192674640974
1318.359375,-26.76253875266228,-127.7041761095677,-63.16775019972856,91.68743314781568
1342.7734375,-31.73850659060082,37.67818432838352,-62.21821815064757,-33.07407158582579
1367.1875,-36.02031140070837,-173.1867865799636,-62.67424549216215,167.1036998350276
1391.6015625,-40.45229907254636,-102.6890896637484,-64.87199124992833,25.83579002807739
1416.015625,-31.1914277090789,-7.762852694758181,-64.91026464726633,-140.7235243915038
1440.4296875,-27.64011196062651,139.6707358429388,-69.4249915594618,74.6943570217795
1464.84375,-29.04259052140354,-42.89746177553738,-66.54740391373132,-111.6827392126576
1489.2578125,-33.37138941865297,127.6739695896254,-60.80878443570661,23.98565308702008
1513.671875,-32.65133215658336,-116.6146793910645,-58.70318762004032,-158.0274820777155
1538.0859375,-29.00206060990896,42.22541887153334,-59.51392038891272,29.12390244442617
1562.5,-27.41793136223148,-137.2910834682871,-64.14054807287793,-147.6326824675797
1586.9140625,-27.23023724395453,56.95918953957024,-69.38514578493005,171.73813794214
1611.328125,-28.93412604670555,-101.9826779708315,-59.03969076810921,8.409632524514917
1635.7421875,-35.24335226001187,100.1882783033942,-57.48571025621978,178.7710472101065
1660.15625,-36.22152697602898,59.43467062502254,-56.17291975228044,-19.8925129052511
1684.5703125,-28.01029532363425,-96.89934011644908,-55.06650051365799,140.9369476030072
1708.984375,-26.4681673484633,101.2133103227725,-53.1033482263006,-61.30388230674255
1733.3984375,-25.89743549874924,-60.217023389138,-51.30893136450021,107.5598025260233
1757.8125,-25.66941137581832,129.8590821462274,-52.18868357142297,-79.87834075374312
1782.2265625,-27.41644447192872,-37.50323510368911,-54.94891458871092,101.3584713098494
1806.640625,-31.0930047123833,163.4737316776994,-58.41818585615357,-50.82164599055604
1831.0546875,-38.29463724297842,11.94578706932819,-60.95049350922614,172.8885977840083
1855.46875,-44.31971047246449,-45.32085827558925,-61.75974647381057,-3.645264113536408
1879.8828125,-37.48603649938534,171.0654746124381,-60.56169183876258,123.7043842672473
1904.296875,-35.44347955617369,9.154327842875434,-55.50983836145264,-100.8645007977561
1928.7109375,-31.27959187620253,-147.1046146902523,-50.29024999560421,71.7450846516096
1953.125,-29.4855714595316,29.96867112702324,-47.27676920297785,-102.0906020731331
1977.5390625,-31.16193991598378,-168.5837238063694,-48.11929672927509,83.50185350580381
2001.953125,-34.31846458720477,3.513596183187025,-50.54599269590981,-97.15116125555745
2026.3671875,-40.36346786522891,147.6243330617117,-49.57355531104766,77.35681248778094
2050.78125,-35.7796728014658,-149.5202841866547,-49.58511240517807,-110.6482578968568
2075.1953125,-29.75207439770521,-0.3261767285031912,-50.09002567354207,51.010366347409
2099.609375,-29.90483995686339,161.7577610476226,-48.9782085124235,-124.3028720473083
2124.0234375,-30.3924612405979,-40.06013908955392,-47.26963063029871,78.70783263247259
2148.4375,-34.03118471891008,107.8428003027031,-45.43780214236754,-90.26727582683502
2172.8515625,-32.15753872462351,-145.4213061419302,-44.51583524467644,88.64251047518549
2197.265625,-29.55582120654239,19.88991307026667,-44.31099919137473,-88.17078444424986
2221.6796875,-29.6049610014745,-171.3943377887765,-46.79732769284226,111.2028842766413
2246.09375,-32.65890793985273,7.402533808237781,-49.32494709877989,-2.232589724261916
2270.5078125,-39.63602711154851,-64.2650652714959,-43.25062763670295,-149.3692737849368
2294.921875,-34.34474719333273,154.4238356274332,-40.7277921960495,32.82558196839029
2319.3359375,-46.9336767218492,11.06877179992765,-41.20815137634199,-150.3642103486545
2343.75,-35.56731482220855,-6.725028453249058,-43.49769227200416,19.51782468285806
2368.1640625,-25.93332894448732,177.2685444850714,-49.14798462643982,-168.8331454187382
2392.578125,-22.79015404253828,-3.79089454992495,-59.30053274633279,-22.55461027868799
2416.9921875,-25.11156500685173,176.7384519255306,-56.46572790163837,131.3917181414937
2441.40625,-30.7065706840415,-5.267072677729226,-57.20999189309671,-12.0277417121642
2465.8203125,-36.47875839737656,-175.9926872598617,-53.76976798940713,-177.0248259707077
2490.234375,-32.97450093596564,21.82451073379906,-48.45437816499496,-9.024970565109687
2514.6484375,-26.35592928480201,-160.6467709547818,-47.76197962155315,176.1589157308785
2539.0625,-22.44922544056472,23.16205943607456,-52.15804657295577,6.009140786291674
2563.4765625,-20.87411006733565,-150.0984178192876,-61.4063786931952,160.3116373479508
2587.890625,-21.20713626695973,39.44116161206752,-60.8409802801792,-93.77657060925821
2612.3046875,-21.22973069130691,-127.8034300608098,-59.5797999816497,69.74084945987192
2636.71875,-20.75074976958548,60.0048557401688,-58.28308516772839,-65.78231638406186
2661.1328125,-21.37688417988635,-123.769078455973,-52.19756871963952,148.8232966293251
2685.546875,-21.95374628583424,40.285438855185,-52.32077863358347,-17.68213291482082
2709.9609375,-22.80608966026534,-163.8205937041909,-57.91504736702336,-164.3818269679294
2734.375,-22.14889720162837,-19.52088144780614,-59.43569240873438,52.33279463737853
2758.7890625,-20.15855832171123,145.4858258546277,-64.46384526678506,-74.55923805947624
2783.203125,-19.65542154650447,-36.09349040731696,-57.16296409252445,172.1534767968714
2807.6171875,-19.91921891156865,144.2974664844649,-56.3138023138515,12.0439548628509
2832.03125,-21.1056446032375,-27.70653370862449,-54.3153264344398,-154.5711739613172
2856.4453125,-23.43868894998268,165.9313775912304,-52.06804259330718,14.15946198251884
2880.859375,-26.13742764599291,-9.21735584779319,-53.65347498829914,-179.308627378322
2905.2734375,-27.73616714856123,155.13763456358,-56.51849773529803,-21.35119158473547
2929.6875,-28.43192288969526,-57.14300303157463,-55.85439169972599,130.0726151517736
2954.1015625,-28.70835729270935,88.52940378744015,-56.28089817012935,-49.42681936441181
2978.515625,-28.25384510843154,-107.7351793096224,-55.92991957920555,155.1015044521133
3002.9296875,-30.60630802347629,61.18614003403848,-54.05210937818376,-14.54432288864834
3027.34375,-36.91510590699288,174.5451572052015,-53.54008514311669,172.4959656570317
3051.7578125,-35.30155474857105,-64.86369296146746,-55.17150839813751,-14.28076768524771
3076.171875,-41.19475805622395,126.8047731988973,-58.80036535986221,129.4026406768572
3100.5859375,-39.04092026946147,44.04105487740055,-60.32145509887225,-75.82772853204141
3125,-34.29070054191097,-108.2053061136998,-70.14301346068622,148.9272112318402
3149.4140625,-32.18881074523732,76.06672795840939,-58.38947637498467,88.48453493714398
3173.828125,-35.10853297908775,-98.71127803495544,-54.15092854117677,-87.52167574532206
3198.2421875,-51.75652361470388,17.89000097324029,-53.8938009686835,100.6907733078987
3222.65625,-32.79279020284361,165.9118510641089,-53.28505720214554,-55.71166836030037
3247.0703125,-28.76460048913351,-0.1958260738817268,-55.25529273485242,148.6441697788376
3271.484375,-31.42804231416204,-173.4080951556215,-59.63401854962782,11.02322684895178
3295.8984375,-37.76357560120704,-15.14784009543093,-59.55443118290035,-146.4925973193814
3320.3125,-34.76125626392887,79.88298132910626,-56.75341967880033,45.36223591774884
3344.7265625,-29.11425342021719,-116.8685328076414,-53.47179852413768,-127.3787697663413
3369.140625,-28.785881185959,73.59656577647196,-51.05064483224492,41.18289913049122
3393.5546875,-30.99132123830305,-85.93311269310901,-49.51635634261002,-145.1681109628407
3417.96875,-33.70344153266858,118.3254537972878,-50.1679621053549,40.85610599808482
3442.3828125,-31.41516925574863,-36.05550341072152,-52.70999788354571,-128.0843854030402
3466.796875,-27.44552117080837,147.1550055243833,-57.03551205105537,63.22451817312528
3491.2109375,-24.82822019679843,-33.45627441030653,-64.63349014899914,-115.6413694035728
3515.625,-23.60285963305351,147.5997794361617,-66.71504762540715,-22.83022578963516
3540.0390625,-25.25583496169142,-29.20130237503435,-60.3976608620418,145.3698514886795
3564.453125,-31.04971256158209,163.470442949063,-61.3783516248774,-38.5469364091082
3588.8671875,-36.20862684730888,2.840772316327836,-69.3655164128687,110.0207662185865
3613.28125,-32.22854539579704,179.9931530678759,-69.13377067906778,162.9783492122746
3637.6953125,-30.94869909737626,0.4642236684992623,-64.5631821406735,-29.03604081291043
3662.109375,-38.31671499301969,173.4742956751643,-67.4153957600538,140.3749950655467
3686.5234375,-35.58954938200364,-133.1829091032695,-78.46181693971074,-29.91004949056861
3710.9375,-27.39817815178549,30.64496059024571,-61.225804265902,-111.848684787093
3735.3515625,-25.78609831267222,-163.297035466346,-55.42760285296397,70.59336202184133
3759.765625,-27.47543146531156,17.42282205297761,-53.5655955227734,-105.8800943223599
3784.1796875,-29.56103943524863,-135.5812043930864,-52.18075791221368,75.30913431360602
3808.59375,-31.13130769491669,46.68858498400158,-53.11652082446592,-108.3112256931109
3833.0078125,-29.41051301215825,-163.9426847143579,-55.77446229157364,45.80075110943763
3857.421875,-25.39563565255624,9.52998713187694,-53.12485306913992,-168.7429561699504
3881.8359375,-24.34054392591085,175.9570236180542,-51.40973816020605,-0.03137108695003051
3906.25,-25.20335137963312,-36.53225935285793,-52.19203347382,165.8470822414671
3930.6640625,-26.32298325864576,124.5872481886519,-53.01386035318658,-37.43104097061543
3955.078125,-27.81246628066359,-72.72364718084387,-53.28510588250025,110.9747960646724
3979.4921875,-26.9974736304283,83.66022614174435,-51.73868162246719,-83.65036744063596
4003.90625,-29.23149816289103,-85.81811657003426,-50.14270484367559,109.4695145971083
4028.3203125,-31.03164250047676,124.3496913875743,-50.53585499278362,-61.80725075518133
4052.734375,-30.12177460964226,-46.28496070939818,-54.38841491151283,111.2095527399998
4077.1484375,-28.45103507987318,153.9401385523621,-58.45849162116266,-82.16091501994246
4101.5625,-29.62728671426968,-10.25069031834127,-59.81820370065107,61.97256969982698
4125.9765625,-33.60293109224594,163.5937582772403,-55.98938655978272,-132.8317430997009
4150.390625,-34.79534268924309,-51.36607536672398,-54.88555292466027,78.80116373750462
4174.8046875,-33.30048003038453,78.2947589344304,-55.59950443528217,-72.97870153203198
4199.21875,-27.24459631334873,-115.5538512368408,-59.58624859389148,118.3587536027502
4223.6328125,-22.52380147700353,68.54125350617255,-63.64573277966201,-56.58182890833976
4248.046875,-19.89877929601178,-110.9140594090352,-71.10414126904095,82.54781631941177
4272.4609375,-18.99053677488527,71.51105411290484,-63.11765528104659,-131.4651535716921
4296.875,-19.84978870971048,-103.6333067573572,-58.17196953906111,69.72983693473344
4321.2890625,-23.11352957634454,80.74312257626667,-58.64355719138633,-111.9227013713564
4345.703125,-30.00843030286647,-87.1557384300832,-62.66794200240354,33.61324690465926
4370.1171875,-37.60793674438725,169.7913710937585,-64.37698823436182,146.4195233634987
4394.53125,-33.00143197718975,24.67194559539539,-61.34516455793222,-77.21377112304984
4418.9453125,-30.70561766903149,-162.3137887303113,-61.63530482993262,71.79717689812603
4443.359375,-29.654500263439,20.35117591948012,-60.76805604008418,-135.587815182741
4467.7734375,-28.7973361002047,-148.5424299968947,-59.31380607136775,46.61542953440848
4492.1875,-28.84157368168928,45.25569194219389,-59.56900119081234,-121.4406868163328
4516.6015625,-29.59102966618314,-100.3513927702929,-62.24335346721097,89.39118543550416
4541.015625,-29.94566556483296,100.1709800209381,-64.3605276103637,-30.2038610526766
4565.4296875,-35.28833828206456,-101.2247172491898,-62.46830456780089,-162.0253611385069
4589.84375,-35.68882804023018,25.10332477551119,-59.10527184496157,23.74088969449334
4614.2578125,-32.69751184925408,-163.1916320821556,-55.04778113363499,-166.9428291096435
4638.671875,-29.16145299589337,23.99243392056317,-53.05802798831201,3.141555890650336
4663.0859375,-27.04999796726872,-129.7810020608044,-52.52684155797703,176.9793362797391
4687.5,-25.04604147593583,79.15147638875959,-52.17467031614579,-3.259820421158748
4711.9140625,-23.55598081945794,-99.52339652276289,-54.63018859877856,173.2533072095967
4736.328125,-22.55026295295049,71.29618581558456,-59.54079671273109,-42.99199793172611
4760.7421875,-22.68626892714594,-112.5946877617726,-55.17520676445364,102.5776889650269
4785.15625,-24.42773957860668,64.03440362404609,-52.00790322160351,-75.59262494283165
4809.5703125,-28.20117925037391,-106.5996436032902,-50.97872526265681,118.0450209402002
4833.984375,-30.38370327542032,118.6570243389035,-50.12502755397627,-48.72264136945984
4858.3984375,-28.42151132773666,-35.14015969930075,-51.47253678401647,137.6482845510343
4882.8125,-28.72995230464653,158.115085612385,-56.331649659149,-41.38921731928757
4907.2265625,-30.75643153406361,-24.89479047177459,-59.56168456529252,87.17145372306337
4931.640625,-31.94702427354021,113.2053801308857,-54.90007446369507,-119.7813911281007
4956.0546875,-32.10955451344618,-86.64414125811088,-53.93990231858865,64.07609310891053
4980.46875,-33.43099232500665,114.7583855628449,-53.59989191743956,-106.4397560405204
5004.8828125,-31.24846343209117,-52.11799654594654,-53.99277655912057,78.96592636860996
5029.296875,-28.62958582445028,142.6686529497335,-55.19362745700217,-113.5022710014482
5053.7109375,-25.29527014004346,-25.3640564708805,-53.8230495290594,40.97744373213168
5078.125,-24.09591531755255,156.1835925377378,-52.52294837176838,-143.4745671358883
5102.5390625,-24.95045510772876,-21.68219492789032,-52.20998020577681,42.07453430017235
5126.953125,-29.47652881099267,152.0622386505961,-52.73785035091512,-129.0703832196937
5151.3671875,-41.87445911128434,-137.6442944046532,-56.11807931262874,65.59907216397212
5175.78125,-27.77257059718329,-14.62864755158535,-63.29412729221911,-134.7626021839221
5200.1953125,-22.73502387414376,165.2364644622371,-57.26201343447243,-17.81425383484916
5224.609375,-21.73343994918793,-12.31267613526059,-52.75304029577848,152.1210259553691
5249.0234375,-23.10167187487441,164.5452672909994,-51.13904354247872,-32.96124473738083
5273.4375,-24.64415803130855,-26.3575010042949,-51.25147636810613,141.5555550404412
5297.8515625,-26.48982630300218,145.0249890811301,-53.48249142973558,-58.62029758468245
5322.265625,-28.83355120151701,-37.45908449126199,-54.46526545268857,82.34350558248394
5346.6796875,-30.11167867621306,150.0515521118864,-53.95848612253916,-116.7255867407057
5371.09375,-29.70380292295197,3.399688171121357,-55.96075077130352,62.10934469518055
5395.5078125,-27.18253464254492,-148.9108818045761,-61.4571460450229,-106.9871388731752
5419.921875,-27.35967021193616,42.32787664402001,-66.79985347410744,148.861890281886
5444.3359375,-30.23748766903881,-126.8165091639884,-60.93445625391654,6.026479723600578
5468.75,-34.0963106275733,46.42617439811931,-59.3684311993425,-154.1260706107982
5493.1640625,-35.0505713713806,-167.4647918820043,-56.714691563565,50.28837783076837
5517.578125,-33.824292492415,10.25493815293151,-54.71522056031456,-123.461581366982
5541.9921875,-32.89585609740069,-169.185511218712,-55.66393243102431,52.70002042747631
5566.40625,-34.12291790520386,14.92584982273425,-58.66455177478631,-128.6385607995662
5590.8203125,-31.70010124914356,-91.99777105033934,-60.53174597598969,75.52161645425473
5615.234375,-25.47446496809258,121.4114895253293,-60.54655716034689,-69.87483717372699
5639.6484375,-23.13685693157012,-42.06173350618122,-60.73355294340768,120.7819932299738
5664.0625,-22.28912032778216,139.9159428542205,-60.83767247045803,-93.75857200452997
5688.4765625,-22.63304813592384,-43.2099494642337,-61.2302484823259,32.73186469434951
5712.890625,-24.1989258198204,130.2305927971407,-56.02758250855235,173.3902821367791
5737.3046875,-25.64666373518599,-74.81640653457912,-51.93967092284222,-0.6929806335794737
5761.71875,-24.29688335160854,83.53908655161523,-51.36346500966378,-168.193836962928
5786.1328125,-23.58159973423344,-102.8113747750353,-51.77955189221797,27.9229911276374
5810.546875,-25.72359976544906,75.33150248811246,-52.06845111920202,-143.1140967080443
5834.9609375,-33.0921105377568,-80.72845150631393,-55.50719415554852,34.17628486312497
5859.375,-32.37946583273303,-178.749129123052,-60.25212367430836,177.5974251528786
5883.7890625,-28.03109328032939,22.55016180312577,-57.32547593421778,-39.37330552817809
5908.203125,-26.25846355668254,-140.3440519475986,-54.67957698456519,129.8871316726319
5932.6171875,-26.5484198672147,51.22975806363469,-51.85276247271729,-52.2611158876243
5957.03125,-29.1738312555873,-126.8312775125712,-49.89585905205801,127.6273736425714
5981.4453125,-31.07459254960744,60.08591200618789,-49.524881653692,-55.45472490717844
6005.859375,-31.52096394897322,-116.4102544411679,-49.1539336023968,122.2800322395321
6030.2734375,-40.61104536169309,78.75286148882786,-49.26335200745985,-56.79355155423494
6054.6875,-32.9293576692538,10.6483821375495,-51.53391772352543,124.6165577366874
6079.1015625,-26.42284046638824,-168.3999835223852,-55.47616838070538,-49.66104791688574
6103.515625,-23.07341778995155,15.82273553868871,-59.02400611036487,152.1973095478345
6127.9296875,-21.63000986055225,-165.5422531381268,-66.97642372643433,17.05946232753848
6152.34375,-22.06716624717863,6.511949755887024,-62.88710516332674,-20.89712410235043
6176.7578125,-23.42159926442956,-179.9209364254069,-59.14520367067486,-170.0900711390726
6201.171875,-24.33950930457376,-3.316363509925123,-57.63655167594105,35.15380389466415
6225.5859375,-24.95242293134121,169.1039209202115,-54.11836527928217,-129.5955846420773
6250,-27.32022065668336,-16.94103097737592,-52.53150845590193,65.57011679214997
6274.4140625,-30.83206929383057,172.7108512920361,-53.25098308264663,-107.4638093208277
6298.828125,-33.05633270995976,-4.625352139702727,-54.66998626554002,56.15689012939208
6323.2421875,-38.73183662345642,174.7634081045997,-55.18344851811164,-152.8535876351725
6347.65625,-37.85397849950606,66.71087014918257,-54.59177750668479,-8.408876602639911
6372.0703125,-36.02517035798053,-111.9416570370988,-52.06856151634152,151.237588147053
6396.484375,-38.38790008390329,53.52145146257178,-50.88572982015165,-31.9157357845712
6420.8984375,-33.11556105769015,-102.1307765494681,-51.40720529409827,145.2802866867246
6445.3125,-28.7870565153094,86.07550764975301,-52.95724136868903,-35.1238798973195
6469.7265625,-27.29124307361008,-99.94086341645156,-55.92185883174519,145.127293649689
6494.140625,-27.81755613798987,69.86430408782687,-61.29298211607705,-69.4036212325414
6518.5546875,-29.62002502648299,-132.9831956641452,-59.79439402905526,58.32262077435892
6542.96875,-28.58461111933192,28.32944429298838,-58.83793664882712,-133.6640210849017
6567.3828125,-27.33324096200935,-161.5533346391788,-59.44858933060684,27.45030816345532
6591.796875,-26.36959482496636,27.27715896501842,-63.69684737489039,-164.8310685619302
6616.2109375,-24.99665111640582,-123.8638555122653,-74.62738209121233,177.2400174669905
6640.625,-24.0171818123793,76.35506842906538,-65.74386723732485,22.32103656113114
6665.0390625,-24.72911877160861,-91.38822340620915,-76.33301932187472,-163.8151622074892
6689.453125,-26.28388868779666,110.6316964605577,-67.52903145609484,-130.8057406721753
6713.8671875,-27.05054277255055,-36.78072913548324,-67.33169556389294,26.92002848115825
6738.28125,-28.00590679935068,179.70753709416,-67.73039116689775,-179.2003383266857
6762.6953125,-28.2830551543333,23.68316188771104,-69.57887404108072,5.784189409999072
6787.109375,-30.57885386277342,-159.2470615303647,-75.26368477888553,103.080391817132
6811.5234375,-35.38326569737564,-38.12635708526143,-64.28865718812203,-29.27402868266553
6835.9375,-27.28965119266835,87.292035770078,-57.13397028131725,169.2152487806665
6860.3515625,-23.73628114442175,-99.92001473244751,-56.3220968349614,-12.60422281886146
6884.765625,-24.35841252918395,77.75588360710599,-57.49623890286723,172.4636241336846
6909.1796875,-27.49933993412233,-115.8308548033612,-62.54961955283024,19.77812899949109
6933.59375,-31.50972405315564,14.03605439836432,-62.38989220720916,-67.24400149608576
6958.0078125,-29.87953500315936,129.8579594722002,-59.35918817260646,133.36198268352
6982.421875,-28.03445583803044,-62.41474263689699,-58.80163501482667,-34.24398330505279
7006.8359375,-28.8943193702651,133.352836224749,-57.86683134554647,155.2807203199357
7031.25,-32.06996183727794,-26.93471595391557,-61.0495953100198,-6.711116339290047
7055.6640625,-36.5931064410771,-163.1911693027755,-65.69027824480398,171.9211895733601
7080.078125,-32.45541966651211,47.56160394145078,-63.54691595061308,-63.46579729423977
7104.4921875,-30.27080631276101,-129.7326665840357,-62.87328068072825,104.8492134248765
7128.90625,-35.07685391496236,43.14141113454325,-64.67944782666098,-67.29921525073843
7153.3203125,-38.05705430828412,132.7172813961325,-66.86461834211899,113.1763656711532
7177.734375,-33.64713537162663,-68.4311012907644,-70.31762405804099,-44.4974037040177
7202.1484375,-30.45418046592869,105.8334400453586,-70.64502161789508,50.97478830077347
7226.5625,-25.86124403698011,-76.26280128351175,-59.2436511977057,-164.9243736020666
7250.9765625,-24.8227188183274,108.633181244668,-58.54488421338682,8.341839354561795
7275.390625,-26.36016938167028,-56.09815858807717,-60.4111567619099,179.8314885175903
7299.8046875,-26.98984939335397,122.7650677504453,-64.06648023880129,-34.32492641563663
7324.21875,-28.40553668316293,-74.11520130715097,-62.14746104100012,49.22789851252436
7348.6328125,-35.85415003450058,78.34855155614289,-59.62962050160765,-142.1432532639587
7373.046875,-33.66391905659374,-171.4435437815838,-61.17959876304461,54.93505131522456
7397.4609375,-29.44962638852597,10.54659548686146,-61.12851618251312,-124.4654211520062
7421.875,-29.83347697739093,-176.3499328064968,-59.88950405731322,62.50823079792028
7446.2890625,-31.64282941705741,-3.157169618509963,-57.82545601425744,-123.9420682511549
7470.703125,-36.85558568093166,-159.3288194835349,-55.86769532795161,33.83649150121946
7495.1171875,-31.6327664930169,104.533605195308,-55.41975062239313,-148.8761157272938
7519.53125,-25.73640047552088,-65.18252433040065,-55.80047356938324,39.06743659948691
7543.9453125,-24.91257392644828,115.1410742871156,-57.31365901786825,-137.1508243400874
7568.359375,-25.00220995088128,-68.17561525379026,-60.30966351525911,42.53530093380805
7592.7734375,-26.7784976271207,107.0298146730662,-65.7701526761477,-139.6300196038636
7617.1875,-31.58232975916054,-84.79831279445527,-64.97738400523207,-169.0739222418495
7641.6015625,-37.79275695480245,109.8493653807893,-56.42458297386678,27.92521608581834
7666.015625,-45.65511538986483,-51.96650257714762,-54.27826012675588,-139.3164889092269
7690.4296875,-31.35107220905965,12.43752788580302,-53.0359605379704,47.22104768580677
7714.84375,-24.66592698728974,-173.9997357452391,-53.03952432677708,-122.3007827590557
7739.2578125,-22.50222326108646,9.443700517289185,-52.84272537273343,58.73941603400716
7763.671875,-20.75261322507794,-160.2368643454236,-51.55941175362874,-142.7699576396959
7788.0859375,-20.61406328521132,28.96413682118924,-49.84914134531175,16.94223305711874
7812.5,-22.9512768581412,-135.4353564464262,-48.61424144697771,-169.9567043769138
7836.9140625,-26.33348455157059,64.3293758254799,-49.03522095904569,11.34678540724138
7861.328125,-30.42684951504112,-97.36320864037747,-52.30981618608705,-164.2411743035873
7885.7421875,-31.65852435463658,125.4279005453793,-57.24232595519872,25.83196186294505
7910.15625,-29.16733511046999,-22.77941390771409,-61.40220660356825,-160.3460946171222
7934.5703125,-30.51253202857863,162.365552775822,-60.79028458776533,-12.91678971910676
7958.984375,-35.50280596105745,-50.00203522344349,-56.39463613850926,164.9888323960578
7983.3984375,-38.93163650131918,70.94960883416465,-53.65976375078256,-17.31369095934688
8007.8125,-36.77163560361552,-168.6140784987118,-53.02737063171502,150.4392200997523
8032.2265625,-35.85176975634357,21.23921671264759,-54.3495728737857,-41.09750200686345
8056.640625,-35.3279851186684,-87.9027526110375,-56.6559826746052,119.0560055980422
8081.0546875,-31.04346821517815,124.2949823171057,-55.79809158841806,-79.58470962296497
8105.46875,-28.26435065410053,-59.22623348357429,-55.7584430079396,107.1338750068243
8129.8828125,-26.76457623275688,106.1742486225615,-57.17710029273098,-53.00180057534364
8154.296875,-27.47491575509922,-99.73968915163171,-57.56732911343744,128.1554897422927
8178.7109375,-26.44157769727963,56.83049953595965,-58.08527764627593,-76.54693395874962
8203.125,-25.71215427855464,-128.1635066722688,-58.63773812678755,73.42980881976872
8227.5390625,-26.39799614737689,49.73495117747736,-57.86975303016816,-125.2611149385883
8251.953125,-26.5921943106811,-124.0290000694774,-56.97162757008174,46.98039421471931
8276.3671875,-26.86987072258188,72.82369931435436,-60.28076916667304,-123.4339243791847
8300.78125,-29.97930484070519,-94.17011300556892,-65.5757863468689,126.3169350395944
8325.1953125,-37.06216515961587,62.18527291192719,-63.65244938556706,2.119706058349989
8349.609375,-38.46119154061324,159.0848218285619,-62.8325684292199,-174.8302566638817
8374.0234375,-33.54791994710413,-83.17003997030659,-63.36432111335309,-29.44878644700132
8398.4375,-30.38400938361583,74.00442821236693,-66.23040545921951,93.21945029847512
8422.8515625,-31.53148655402202,-122.7644376364654,-61.99270094235999,-136.752533110845
8447.265625,-35.46347476486895,37.92535759005857,-60.26386795451188,14.66404030950913
8471.6796875,-46.4949348330854,-129.3924064989647,-58.1660390836798,155.0697286238344
8496.09375,-35.41298091713161,179.2829343490011,-56.05855645712271,-28.04707539766906
8520.5078125,-27.97526965511035,8.880053822145499,-53.80994640533981,163.9301361965666
8544.921875,-26.67167157263135,-154.7851290671701,-52.43967772244915,-13.82464851548823
8569.3359375,-28.47400476612149,63.30057207095606,-52.92202060718275,165.1881510945308
8593.75,-27.06600147872776,-65.71263068789303,-54.86921986199373,-28.33282184602409
8618.1640625,-23.8186827877991,136.6396830552156,-56.49109003804612,110.4891235386295
8642.578125,-22.13697555968317,-33.18065117034708,-56.47600546707098,-84.29823867613514
8666.9921875,-22.66138917880466,153.31120462475,-58.6402744009702,134.1388843031735
8691.40625,-26.10572455004034,-30.76592990432981,-56.50426447842185,-0.4294939140176514
8715.8203125,-32.90740244270274,148.0683001017156,-53.55074092541245,-173.885042921331
8740.234375,-36.31418766232247,60.48162628878497,-52.76516650680985,5.907729595847051
8764.6484375,-30.16695846846392,-86.8347116189836,-54.55683121133498,-170.6389184790298
8789.0625,-27.10583399027895,109.4405272076807,-56.25620548558709,-8.72543144587857
8813.4765625,-25.44223742592597,-56.28216202554515,-55.13195668019674,158.4072588828408
8837.890625,-26.16557583359381,137.72803409902,-54.48475765634424,-9.541616141653176
8862.3046875,-27.02350709754123,-36.91989814224117,-54.55994404869823,176.4691949565666
8886.71875,-28.42649846408151,129.097775970885,-57.45711258323539,-3.522863179892615
8911.1328125,-28.30765889321988,-96.9051338369965,-65.49408938836925,168.5865324436318
8935.546875,-26.08641561396242,62.46815151425628,-63.9662320133933,-104.3557221831276
8959.9609375,-28.98113613519093,-100.2009127869051,-55.83096225779858,67.32171105616068
8984.375,-28.52453156970796,115.835900937533,-53.02904918542873,-105.8394169857255
9008.7890625,-26.86597363303957,-65.76524550398392,-53.53129663762731,85.76225568098782
9033.203125,-27.64774984168773,115.1461791666037,-55.77929822217462,-77.43061607242926
9057.6171875,-29.37387071805279,-59.85309888526518,-56.34532463691669,120.6519739584756
9082.03125,-33.45195302452337,98.53783647769922,-55.83051092907175,-58.37941906086967
9106.4453125,-38.85615855809756,-126.4439826385622,-55.5092331955825,103.5150947309653
9130.859375,-49.00399320713121,-145.1987611651207,-53.77202456419426,-93.34000672458355
9155.2734375,-36.6852103561265,8.797333203398271,-53.32164974433132,76.50881701089965
9179.6875,-33.28557075262059,143.6635503799512,-54.12875513546219,-121.4522423631062
9204.1015625,-29.53032773903029,-64.7282266832509,-53.95007696215277,43.2588389550959
9228.515625,-26.0580685387154,101.4638151014514,-53.14963241304929,-136.7449748330667
9252.9296875,-23.25463061009728,-81.78137514611117,-52.0790056696592,46.91430289006618
9277.34375,-22.97363029901824,98.17425833108217,-51.87315285170007,-131.4089945659511
9301.7578125,-25.40397698491723,-82.87361486203497,-53.10463023031203,56.12725684793794
9326.171875,-30.40646816143166,119.6735886172645,-58.40809771903808,-120.0289943750634
9350.5859375,-30.93212471614735,-0.4961729756767183,-62.60812633778822,-43.43556006300039
9375,-33.42849891482452,-147.6800019809168,-54.78859764769282,127.1346898896916
9399.4140625,-36.63199696790158,110.3333844060659,-51.67330408830783,-48.62459901607221
9423.828125,-31.32582711575317,-36.45485413096378,-50.04493644428593,133.6262050886406
9448.2421875,-28.48560340752091,157.0024362457103,-51.35019801934423,-35.39410331352918
9472.65625,-28.47636610832878,-8.473809577925067,-54.89839696618028,156.9086646026042
9497.0703125,-32.44520570107395,-176.1592858812733,-58.16770306367671,-33.33884351724061
9521.484375,-40.03336533612228,43.56890402755229,-58.60123372312361,146.9223100277035
9545.8984375,-35.26386443091524,-76.63617493174618,-57.00856093560618,-23.38457889116236
9570.3125,-40.97284178369748,111.261977053503,-54.57241494236512,147.1692686662134
9594.7265625,-34.75261853827259,128.7067590935737,-53.38719399136497,-40.62652713845405
9619.140625,-29.4220865484108,-50.70644991375708,-54.42257004669156,124.1050697362947
9643.5546875,-26.49875146100101,121.1303559595436,-54.17057605439241,-79.84720741464731
9667.96875,-23.75216310311181,-65.821354579451,-53.51828607171665,98.45635924042161
9692.3828125,-23.1103210656427,107.6385586501883,-54.07248321876675,-71.08487229779249
9716.796875,-23.43538383739927,-81.6175362997879,-53.54539457551286,121.5947184971299
9741.2109375,-24.60782831852759,88.57027679861484,-52.12323306485985,-43.92968238661657
9765.625,-26.89989545717309,-106.5468561852292,-53.06742781038324,151.7574152957742
9790.0390625,-27.36784735942419,52.65676089613451,-56.78130014142602,-18.15212960226205
9814.453125,-27.61214114712173,-125.2634655731168,-60.46618388463422,160.2293084350594
9838.8671875,-27.36159484739874,91.48006405033411,-63.13983094793915,-15.22624357783169
9863.28125,-24.19381914946932,-61.4082979104608,-64.12198170526116,123.8614721128873
9887.6953125,-22.73101328383182,136.5192949119302,-59.59237798693295,-72.50081705697313
9912.109375,-22.02535623410506,-33.69640071973986,-60.26177199855703,119.1746349012061
9936.5234375,-22.70942155174524,141.4144155333025,-65.03175762156604,-67.66279784515916
9960.9375,-25.86260454358965,-40.0577531933254,-75.60410727742313,56.98680903723129
9985.3515625,-29.38026894507336,151.3450024424008,-69.18685334023539,-145.5275878669604
10009.765625,-31.34089837322092,-24.98812397346947,-58.72354485630435,51.10366012628975
10034.1796875,-35.24948173016104,165.6740042943585,-55.44365142698062,-130.2945767484564
10058.59375,-36.07211009963972,9.89846431999643,-55.322656623988,47.35563383517596
10083.0078125,-33.09764417374598,148.2721921919294,-56.75621333899412,-130.8710275227493
10107.421875,-25.79528763612579,-64.65384976176307,-59.14799746118381,86.10257901278037
10131.8359375,-23.50454047445351,109.3167441220427,-55.70804111071222,-59.84506737674652
10156.25,-24.11675390317571,-75.33786355322268,-55.21570206337613,118.5694664997509
10180.6640625,-24.43824830995655,94.28094141969783,-55.41427738497413,-75.9880674061373
10205.078125,-26.95760907751987,-114.2734341607985,-54.61115358965641,83.47799243179948
10229.4921875,-26.42945850666126,10.58274491232543,-54.28910805454855,-120.6152623957528
10253.90625,-23.8334160645058,173.3438813941141,-52.93012620253297,54.4398980317362
10278.3203125,-22.86760975960732,-12.24043995978568,-51.69684115771602,-118.92263917073
10302.734375,-23.71792312717687,165.4672428806173,-52.59482255538963,60.10391096676146
10327.1484375,-28.70941270454446,-11.0123826055216,-53.89793289420645,-126.0777994797239
10351.5625,-44.9855643732747,179.089527656143,-54.22744613721848,47.19604130067951
10375.9765625,-37.86027591050753,179.8998255064804,-54.74797114129312,-130.1753050965723
10400.390625,-32.99896668721184,29.40737630307191,-53.93266003713887,64.31264613254046
10424.8046875,-28.59169342164055,-115.2948656078785,-53.01446465296361,-109.2702007696929
10449.21875,-26.71174248267409,74.96359067241583,-54.32519336609244,71.89512535306606
10473.6328125,-28.60029653235537,-114.6124937631618,-57.34626648102267,-110.5234256283807
10498.046875,-33.06221309987663,42.26089476425147,-60.72761874387878,56.09180383336033
10522.4609375,-42.59136256393442,157.3570882127294,-60.84489406975715,-158.19545590531
10546.875,-40.17143404637297,-118.7491553022126,-56.58941044595976,-5.564587856139592
10571.2890625,-40.01826909309421,-14.30285855817487,-54.73452366571745,156.6574995786186
10595.703125,-33.05330834432315,93.44728795307935,-54.01547236762437,-37.96164602330404
10620.1171875,-28.01386322304004,-126.5869339710548,-54.29893478751325,133.7402743429344
10644.53125,-26.84609264963299,25.01776715612203,-57.66676891970839,-66.58134124372796
10668.9453125,-29.81191764552108,179.4804875504076,-60.68459761633412,80.8913373902007
10693.359375,-31.32304710537117,-62.18056172990784,-59.9180428353938,-131.7960870444181
10717.7734375,-25.38486421954718,83.59104818160007,-56.31311270390546,20.4291618299324
10742.1875,-23.85450082065674,-106.1743869299992,-55.08310498673308,-168.0752209338707
10766.6015625,-25.84729933105844,72.57462828643138,-54.23736392416109,8.799381979550109
10791.015625,-29.73054931222173,-94.1310002086025,-53.73084927339057,-175.3109074168097
10815.4296875,-37.89229873008683,143.2445433433337,-54.95482980892749,15.13177256120987
10839.84375,-39.27259729979716,38.27872356862415,-54.391582964933,-151.0292397225821
10864.2578125,-50.79061849988171,113.3965512880253,-53.92937659036484,25.24232310694522
10888.671875,-36.34285339477526,-73.73506620450192,-53.9904222517282,-164.9089478236151
10913.0859375,-30.56553953669819,120.3322476778134,-54.15992129478481,-5.542580887077703
10937.5,-27.8368832110569,-45.01576408263439,-53.99103866497892,143.516171001925
10961.9140625,-27.59984940237512,153.549266465295,-53.26491387924321,-51.04799256555216
10986.328125,-27.92109519355818,-15.20026200431925,-52.46250491623425,116.8581213847671
11010.7421875,-29.7014710068267,157.0334097127301,-50.82558200212521,-77.00328626234419
11035.15625,-33.0832820680066,-63.99821528886429,-51.09875635169825,100.7823751937659
11059.5703125,-32.0580079591675,84.01966318352528,-53.10549597154409,-91.88681810016595
11083.984375,-32.96745287430479,-86.5775426749392,-54.25232045434916,64.6143178029741
11108.3984375,-34.29824602034945,142.3236233093236,-57.64078087022558,-128.1803051300548
11132.8125,-28.6327792368478,-3.624227545453619,-60.67012399997492,28.51645726883687
11157.2265625,-24.70566457215304,-178.0656754084601,-61.33467484850786,-152.26114464736
11181.640625,-23.89404917461344,9.27249858718795,-66.54791020981173,80.79741778067593
11206.0546875,-25.04051779910029,-154.3995892277957,-69.38871993263066,-41.90806592319672
11230.46875,-25.92353992671392,40.8055762241442,-68.45851992016168,113.2100174136501
11254.8828125,-28.24105039021042,-132.6525943608139,-59.91182432678589,-60.28403102566688
11279.296875,-35.26150577594512,42.86313970963734,-60.52312140886733,141.0558041781286
11303.7109375,-33.31772757157224,137.2916036630494,-68.94314862712888,-4.723986552002311
11328.125,-25.93822525741828,-59.49570469043309,-77.07205259136722,-75.18023348456231
11352.5390625,-25.08015738673283,110.4413409846962,-61.66252138354977,115.1155769718
11376.953125,-29.6707879417506,-80.55649784609919,-59.85759548688995,-60.43679047314
11401.3671875,-39.15870102991572,9.140677844544751,-73.84682101846352,-111.2211183601388
11425.78125,-28.47928000868097,140.7633718168772,-60.4710537279469,124.6988642148097
11450.1953125,-24.67005123043469,-41.29670046207376,-62.52510785632061,-37.00299820104307
11474.609375,-23.77949327055896,136.7337444024609,-66.23572689736355,155.3827982722917
11499.0234375,-25.58814444146163,-46.84083666279683,-68.97032569303485,9.31502778318977
11523.4375,-30.60081556060548,137.8775983771654,-69.40855577948399,-69.81760497960929
11547.8515625,-39.06509884340026,-20.87175566474795,-65.61136137530154,-167.9172983947155
11572.265625,-40.93209504626464,-0.3494374498048883,-61.67419327944622,58.39821493371252
11596.6796875,-29.85926916310216,170.1727021358481,-62.47343341188206,-125.1711459592846
11621.09375,-28.15371617364094,-14.36984403334924,-64.47489661508567,32.12374388754359
11645.5078125,-28.49804621632749,-171.2218533808415,-69.09529429285519,-163.0918733723447
11669.921875,-28.67692247000532,16.83455408152576,-71.56368267935029,3.320883229200176
11694.3359375,-32.06408942637944,175.7531851937163,-64.89872958716322,-133.3644092553397
11718.75,-31.81885980068672,5.427706882308189,-59.88182182414968,63.5764816924803
11743.1640625,-27.87570061355541,-161.2661389324639,-61.08680486103836,-121.0628597181254
11767.578125,-25.81340462432646,23.84641486825157,-74.32258610434305,27.91838877615312
11791.9921875,-24.60863793693443,-143.879239055205,-67.8307281894063,53.76180496520811
11816.40625,-24.38103170718196,59.95692704202559,-62.74505306038357,-95.29280536042232
11840.8203125,-24.63785205648383,-88.81399845051229,-58.48429228486484,103.2925761555304
11865.234375,-25.53842964662724,107.9754300775461,-60.68349380282005,-59.47566622055349
11889.6484375,-27.70935744638529,-84.65889116192852,-66.56896083387478,161.8819090560793
11914.0625,-31.38322214573369,70.09563273463763,-78.16944507726122,123.9403105549166
11938.4765625,-33.8133298265785,-152.9218143285952,-62.61919229023188,-26.56691589381692
11962.890625,-30.7203119983791,-10.65420292151055,-55.83322212834407,151.3277756905486
11987.3046875,-29.82626914629527,133.0427935062181,-52.32154492956611,-26.23540795592325
12011.71875,-37.97655136379233,-71.40349342534394,-52.46509730211486,154.6694623660352
12036.1328125,-33.69024735448701,-79.5571339615778,-53.60031508069405,-28.45502631127253
12060.546875,-27.69123736950871,91.96451565862827,-54.82239650027977,146.2669749507521
12084.9609375,-24.8765588112807,-90.52760875268285,-58.580728337105,-52.77347940934535
12109.375,-24.76987481708208,88.46522335115691,-59.98016261225298,86.06387364603169
12133.7890625,-29.70514686091112,-82.52592683134401,-57.28056561288349,-112.5104497438745
12158.203125,-36.20008050047917,177.734320345942,-55.32534486600368,64.72040222326045
12182.6171875,-32.3559613144315,47.76074881742683,-54.75282804165141,-111.6295703295717
12207.03125,-31.50784768842245,-119.2055930480969,-55.63508677602081,67.74822360486914
12231.4453125,-31.58569126599103,75.00125067279504,-58.79935175691148,-102.6082598626333
12255.859375,-31.00684002786334,-64.3298853834759,-60.32947804905812,114.5270927665066
12280.2734375,-28.81294015675641,144.089193728164,-61.50827892746059,-50.26938269497921
12304.6875,-29.98463305990441,-30.3050569222442,-68.05497160636151,140.7984306786846
12329.1015625,-40.79515897427424,167.2201052012463,-68.64170130537686,176.3272231221868
12353.515625,-33.06754385160908,141.5138865183887,-56.63466747521472,-8.111595271950671
12377.9296875,-26.61181497689096,-19.69653800629395,-53.44436996777308,166.4319010430193
12402.34375,-24.07444990142827,162.6307137195373,-52.01168581879298,-14.9868211003168
12426.7578125,-24.16275337158583,-19.39679231964113,-51.6110770473056,168.0924915476873
12451.171875,-27.08255161459908,168.4904931197511,-53.18382530217006,-17.4581014748294
12475.5859375,-33.86599456159401,-23.27586274260726,-52.67691091212374,147.0473178205875
12500,-36.55843850796907,61.01510532391553,-50.99661782952016,-40.74998925878888
12524.4140625,-34.46026485361148,-177.7467328456803,-51.87846669027493,127.713782049411
12548.828125,-36.73169510745331,-21.10618622205531,-53.24671795097863,-70.58746445346716
12573.2421875,-54.0534119885214,4.667502677268058,-54.68185492272343,97.27264741314501
12597.65625,-35.50721364484882,179.6284688039126,-57.66062668730522,-102.7316196962887
12622.0703125,-31.58725411661958,-28.57171616020654,-58.15437920687192,69.54458931780951
12646.484375,-27.5401802080247,114.6862128574878,-57.08478826937935,-92.96701349669499
12670.8984375,-25.26813530744386,-93.23827552068079,-57.64949071969275,95.32080135026796
12695.3125,-23.62605957069125,77.87794967242978,-58.61126028780635,-76.17537810233448
12719.7265625,-22.67951114856571,-95.15182397944575,-60.91152641236947,101.086840572071
12744.140625,-22.38998813199044,91.27246441805983,-64.5258544473935,-151.2110273964499
12768.5546875,-22.54675115245327,-79.06053643074634,-58.41835756913178,5.115083208149884
12792.96875,-23.30476868805702,108.0172772405455,-56.07248273246881,-168.6065774393772
12817.3828125,-24.7532010123101,-70.47669825600529,-55.48962180868362,7.830544809014325
12841.796875,-26.31874512933342,119.960836994302,-56.7632010424078,-167.6554565920181
12866.2109375,-27.7797566994585,-40.78350061713758,-61.74892822340602,32.09217841195761
12890.625,-28.3462638294881,159.9853965083449,-71.65597678647343,-144.1475333139521
12915.0390625,-28.02383456050125,-8.496926343174451,-63.95970357612332,-14.05250972515006
12939.453125,-29.68341128832916,175.4062128827297,-59.25328947597855,166.4334519075352
12963.8671875,-32.76509692508368,-2.456103021708399,-62.64580228819308,-21.37359323953279
12988.28125,-33.07345599475002,139.3499425942317,-75.10106161259199,71.37594978840625
13012.6953125,-29.58934326579179,-72.51522816233377,-62.96418920537629,162.8092542518327
13037.109375,-29.50751514353973,99.24616585763832,-58.14336235114077,-25.67367725281498
13061.5234375,-30.36007927350482,-89.51148024868552,-60.51260636991434,146.5706703024483
13085.9375,-33.44986347542442,69.7571338481614,-63.94261678385529,-112.0581901505923
13110.3515625,-37.43164132700474,-158.1456797891103,-57.39500504457662,43.4187201882356
13134.765625,-36.88138862707604,17.711614032558,-54.10453954893691,-131.4270740598156
13159.1796875,-33.98907782019527,-125.2214650141775,-52.43879118799018,60.86791004672975
13183.59375,-28.89566563950822,66.77237937572635,-53.04858360122972,-103.6266095486166
13208.0078125,-27.39762383221477,-111.2066264772009,-55.66605509232499,84.84738898472531
13232.421875,-28.86756099381341,73.07062342513952,-62.2015126840564,-92.08514761641428
13256.8359375,-30.93638534669815,-109.1600118796979,-77.86222483767121,179.6418535688857
13281.25,-32.43203335750424,66.20218845871266,-72.88252242533812,176.2254559592759
13305.6640625,-31.71321793645316,-97.16367601475662,-61.56879727787725,15.93143984326845
13330.078125,-28.45676257627881,102.6830253791733,-61.43365944631321,-157.9556101143874
13354.4921875,-26.04690230665507,-69.94515927217186,-66.89980266307902,38.84494409317841
13378.90625,-24.92824180074834,114.1888915240709,-67.80753212953704,102.0994613429728
13403.3203125,-25.40485107797878,-61.48947157512072,-59.26960707663179,-70.42926159627692
13427.734375,-27.97270671741023,124.8481970553484,-56.89022761584563,136.6034978914655
13452.1484375,-31.66553039524411,-44.72009036397462,-55.88488190078532,-29.41999535702481
13476.5625,-36.27562267904184,154.978124028327,-58.84585245514825,160.1376385575328
13500.9765625,-42.55694990094998,21.41927983633646,-79.41655927146444,-39.62421247369041
13525.390625,-40.57860990565938,-66.39642002486765,-58.65043139219197,15.17826599859823
13549.8046875,-33.63432301683139,149.1711212103709,-54.20572489041032,-151.4672224586994
13574.21875,-29.59590409440101,-3.840895778725212,-53.35877876126779,52.13259806828883
13598.6328125,-28.74122236573983,-158.1813747570925,-53.72071364038906,-101.3629889599974
13623.046875,-28.57642591533626,55.48861170929524,-55.66746085177304,90.5581929569247
13647.4609375,-26.11596672213601,-103.6780919024796,-60.28792399995227,-115.8980001957763
13671.875,-25.09279590343237,88.21142973623479,-58.31243563202202,-6.479113130950996
13696.2890625,-27.45301457219187,-79.130010838077,-53.2752102278636,160.4884765632968
13720.703125,-35.20636800291685,142.2220459763821,-51.72257842926147,-11.75617684748345
13745.1171875,-32.82450316706738,47.99758129339588,-53.74856594150934,175.1218355954083
13769.53125,-31.12811471002528,-116.1399172260478,-60.56215724774056,0.1090835258502431
13793.9453125,-34.55080042960683,42.00461271172588,-73.87425302898652,162.4414608124658
13818.359375,-35.88857503312259,142.0081766460631,-67.54993168875687,-80.5413443171893
13842.7734375,-28.41244748266567,-78.61452310171995,-62.1900573681328,137.9381093575355
13867.1875,-23.92647033400481,100.7044362041546,-57.45296614387928,-5.776435357824685
13891.6015625,-23.55410193996815,-80.81909141932879,-57.12219201671702,-171.3092917547136
13916.015625,-25.73888026000703,90.07556048604521,-63.58226992147553,11.97721446088053
13940.4296875,-26.45421056529866,-87.3010706652213,-72.43143091011373,74.6703986858042
13964.84375,-26.00810864361218,99.76579006363934,-64.27949513593687,-141.6732171053496
13989.2578125,-27.11084667188777,-74.70416269242921,-67.47199488014166,46.45100042534656
14013.671875,-27.15843121036067,117.726239821187,-62.81743332484619,-13.02679533829434
14038.0859375,-25.52596639296886,-65.56507434451898,-57.25203887929023,-171.8100195175507
14062.5,-25.57294036227579,105.1673844160584,-59.02367822460084,7.210946686661959
14086.9140625,-28.60887397285086,-74.07129235257808,-58.96249739078083,141.1391749719739
14111.328125,-30.52363440394463,115.2849920032186,-55.35537446033588,-61.69502162474841
14135.7421875,-30.86712343663732,-60.13817235430921,-54.19634399391555,105.7661549593468
14160.15625,-32.97421634617243,137.6744260951616,-52.61491980999385,-73.65753272456959
14184.5703125,-34.01757391190549,-30.77725740887767,-52.42338897556982,112.5052417715788
14208.984375,-37.50855586306434,105.2874494062126,-55.42379228770758,-74.31374318470523
14233.3984375,-33.2204790239254,-115.799127119544,-58.35676407241373,95.31470313216617
14257.8125,-30.70786775019266,59.32044124754027,-62.29369321560413,-87.83754625257339
14282.2265625,-29.76000225347889,-137.1316952173012,-66.68102591224955,31.44729578614908
14306.640625,-32.50936968080615,49.06292806300851,-65.74724222285988,-168.9157629242164
14331.0546875,-36.11578891028257,-62.68901243128286,-72.38966940675039,46.60240508801429
14355.46875,-34.25410350608807,156.0375681972588,-71.1138450024752,-101.9814078727449
14379.8828125,-30.68895583220316,-14.52727848597894,-68.76395099787874,58.10582377878212
14404.296875,-26.41663001146204,160.2350169335527,-66.10831111479823,-176.0704153984896
14428.7109375,-24.37208377100594,-23.28491994376015,-57.89800003697349,-16.91511757250332
14453.125,-24.06891069660075,160.1927651153731,-52.74680799821724,162.5537433009924
14477.5390625,-26.0933089884365,-17.44414406382799,-50.16586583130929,-18.52923602499711
14501.953125,-36.84444168435923,155.5045600828487,-49.59665846620675,165.9184223926848
14526.3671875,-30.37306549013972,169.0618813526781,-50.15669087207013,-7.201955460642423
14550.78125,-24.17003264687106,-11.73242913064604,-51.24745126514818,167.9283698586034
14575.1953125,-22.80912221331124,170.6258621993621,-52.80414926185532,-23.29391330131206
14599.609375,-23.87357687167725,-7.891966699346401,-53.53971406828811,145.8198661539867
14624.0234375,-27.04389897474581,162.7124542456156,-53.1863108506784,-44.60129499214883
14648.4375,-28.85013857242473,-29.56877775186961,-54.60763888059078,134.9062286173139
14672.8515625,-26.80968245808828,150.4497500457474,-57.61395584466619,-26.8596322969926
14697.265625,-24.21916524009671,-30.93434845125518,-60.93232798396531,172.5431451442695
14721.6796875,-23.41918500520328,151.9943531988839,-74.98131890943128,16.15313911489583
14746.09375,-24.96544192736679,-25.16854072156847,-63.70355298895234,-16.16740311026761
14770.5078125,-30.23447860387675,156.4140300316475,-61.40043451353386,169.7433789643396
14794.921875,-46.5082979635317,96.79129693864857,-69.67363840732469,-2.757434205303626
14819.3359375,-31.03447395270237,-20.32365720194419,-68.65714230696886,4.828712072355967
14843.75,-27.48067229766474,179.6007535204255,-62.28460123878136,173.9756306725137
14868.1640625,-28.69564665734485,11.17282641299404,-66.43380878614379,-18.68720240018177
14892.578125,-35.87126802818136,-126.4192550012662,-63.9143811626633,-0.9258526618176315
14916.9921875,-31.78484565649804,122.1256227999009,-55.14871425452849,-175.2139284076106
14941.40625,-28.6777573592021,-37.09287135703138,-53.18599484081216,6.532538742013394
14965.8203125,-26.79242220848761,172.486595848145,-54.31725255154995,176.5037503574687
14990.234375,-25.41413798764038,11.2306715644553,-57.70314792090439,-11.53812154567804
15014.6484375,-25.64099273840022,-153.7977688073659,-61.41252157870984,161.5049654451982
15039.0625,-24.41426891508888,42.47998356329351,-60.54666839985981,-27.14866742095459
15063.4765625,-24.16017839503234,-132.3035890128422,-57.81829062603335,171.9523086053078
15087.890625,-26.80328375866633,49.9488159476875,-55.46703595815117,13.61492297713118
15112.3046875,-32.12398170584987,-122.0251586510622,-55.1254774065141,-151.045380384898
15136.71875,-39.43266712511332,153.1305829985089,-55.68409586846535,33.65841408413666
15161.1328125,-31.16174639217637,0.7587891496416912,-57.80788829030879,-157.8400522104901
15185.546875,-29.59337385503906,177.6325760532554,-60.27966409562005,-10.61604355582424
15209.9609375,-28.33790765625611,-3.022853774470812,-56.59128283197497,132.6187925277238
15234.375,-27.8157496739898,155.7642663725347,-52.96763100401014,-58.84287899077063
15258.7890625,-28.12876468408569,-43.97292093251581,-51.70805528648123,116.5284569233088
15283.203125,-29.78550195063629,144.1969281953767,-51.44416782959202,-71.25950017692504
15307.6171875,-32.51288040812287,-30.48421484566643,-52.4855401790994,97.96110047669065
15332.03125,-43.41634991883793,123.9035361862474,-54.00371291490025,-94.37039501612229
15356.4453125,-37.790887866004,147.2964342967693,-53.23627761581457,70.92050114322645
15380.859375,-31.45453350999853,-24.73616151482405,-52.01320087894067,-125.7737117034114
15405.2734375,-28.89218851599205,169.4361995891405,-51.56566676922263,41.47603431807555
15429.6875,-28.22587577296655,-10.95058105375451,-51.93768416148185,-143.4670988198177
15454.1015625,-27.54915224876989,156.6187713989002,-53.90818464011366,26.46873331880228
15478.515625,-25.50088794513961,-34.4912639931248,-56.51140428342351,-170.5000506247547
15502.9296875,-24.41134685413616,136.0453888358822,-58.73783547952469,0.7780222495937027
15527.34375,-25.34737736970634,-54.06919341112395,-60.88716089271311,175.2928569671231
15551.7578125,-27.72132805296947,119.1383505792479,-60.00255944973898,-2.427111912697058
15576.171875,-32.6187884720168,-92.93475067941095,-58.21034315813039,174.4681773887083
15600.5859375,-32.78163126290259,2.946868231616783,-57.69285411048454,-24.57735705512476
15625,-29.41834419957945,128.2682060037007,-56.04595757819868,139.2308965721464
15649.4140625,-27.06975693888364,-72.46943432543871,-54.2258940821413,-52.42669142144351
15673.828125,-26.81119792544439,101.5513496204836,-53.33256375810251,118.5271675701669
15698.2421875,-28.21440058215672,-86.24294719864302,-53.1790355916703,-70.47094213243639
15722.65625,-35.18106150253281,107.2357180737987,-52.78218857854559,91.42169107103652
15747.0703125,-34.81286739282709,42.72345244276615,-52.42341059061929,-109.9209433417147
15771.484375,-30.06516642870063,-121.5701266769906,-52.16907101272177,47.40006754766457
15795.8984375,-29.32476812243966,62.43104883728911,-50.76384734142515,-150.1937108518756
15820.3125,-29.60373416678025,-112.8647648129388,-50.29777879551651,24.3240900056206
15844.7265625,-33.98587942555798,76.57044455175331,-51.6535751633728,-158.3730653777667
15869.140625,-37.83211745196735,22.32973543789268,-53.34198716684385,13.89896713199035
15893.5546875,-27.262174150279,-137.5824685963635,-55.7470202415407,-175.4818081585211
15917.96875,-24.36376818811389,45.32206944397942,-58.78867149516637,-12.68326144536045
15942.3828125,-25.38457746325134,-128.8853364990789,-57.56172421523868,144.2129062712599
15966.796875,-33.67636025095744,77.77788108839145,-55.45766967721797,-34.35899027066608
15991.2109375,-28.82512514147043,17.58957592280678,-55.24445748957825,161.5193771590104
16015.625,-23.49208620550412,-143.1366080842727,-56.62916784251334,-7.64095967257784
16040.0390625,-22.79501254693267,47.76185702755038,-59.53065421911141,170.0458834954834
16064.453125,-25.3678116341092,-130.7722300352908,-66.14734364603636,-28.08692788361261
16088.8671875,-32.297217670877,65.83353444601325,-66.34751842797583,52.81157430376582
16113.28125,-41.49649125506532,-9.731975099571804,-60.97717945988081,-120.6836233701006
16137.6953125,-32.56903726920033,-113.143174449159,-60.29492408658224,81.58120480751818
16162.109375,-29.04122093836369,67.17434541862349,-61.51573443178468,-96.17499646068038
16186.5234375,-28.27145326833342,-112.7747574161602,-63.87697429369147,53.3241684903314
16210.9375,-28.18571835934897,90.95502444784081,-59.79789222283028,174.527361881219
16235.3515625,-26.63980251347361,-68.09361183295358,-55.21735111591876,-14.63196271920621
16259.765625,-25.41583743698422,121.2947762171494,-55.76322926710468,170.5720249669622
16284.1796875,-24.30079903931099,-50.41725445659169,-62.23526356205242,-15.71385145711698
16308.59375,-24.38312311176901,133.0599207158989,-64.68175707070584,57.03498666483815
16333.0078125,-26.84368220471109,-49.5615970724449,-57.70869031116553,-131.6751207704351
16357.421875,-29.53728814839553,119.4427014922927,-55.49286977837507,65.45463856117112
16381.8359375,-29.44052547743776,-70.69517776373958,-56.12155741732807,-91.4020120813766
16406.25,-29.54030968735851,104.1719105527279,-59.91480005851788,117.6658443502508
16430.6640625,-29.36468631374939,-81.8672585155861,-74.49541807674409,21.21288339192257
16455.078125,-27.83392372164373,96.65356732788841,-58.43265688709641,-57.34583009034505
16479.4921875,-27.75240917963858,-83.66605538456649,-54.47281349114584,140.295584034345
16503.90625,-29.4427701341112,97.15211044045471,-54.28813144855489,-22.87023009049198
16528.3203125,-31.49605388933974,-91.28817676407577,-57.60325011228169,157.2707125149897
16552.734375,-33.04148055018277,72.42883200183994,-65.09739465703055,-42.42611674464049
16577.1484375,-37.73478365121585,-96.02443609990566,-68.97556663276193,121.5361479182286
16601.5625,-35.43037991578667,124.6616494606094,-62.38450598076659,-68.3306377943134
16625.9765625,-29.56537010305563,-57.48456248649725,-56.38200737156063,112.9643248263837
16650.390625,-27.83987757095681,124.2960902586335,-53.90128552845223,-64.01514495532813
16674.8046875,-27.67262918125072,-39.94250521774596,-53.98104088834059,112.3371663008587
16699.21875,-27.72390629878187,154.9483855162161,-54.20608461395656,-72.25325159860749
16723.6328125,-30.16674843467461,-31.75625597510511,-54.31908741849757,101.1804899128115
16748.046875,-32.20426917132216,121.7273670392111,-53.63211321454996,-86.57365225769415
16772.4609375,-31.43093769100204,-92.2022238085606,-51.99144661622437,91.41920961560794
16796.875,-27.60857581429879,67.33808363484971,-51.96897943232273,-95.11088702309421
16821.2890625,-26.8701834841094,-114.1152746354845,-53.57553238590534,69.76033724429976
16845.703125,-30.53531041389567,71.68015560752912,-54.16277124846653,-123.144798806775
16870.1171875,-37.22688851444065,-86.16752630791353,-54.40877430802121,46.45740681295202
16894.53125,-42.78583424075269,121.1234368492734,-55.22912911054977,-142.8888720488201
16918.9453125,-45.96395176440631,-83.05828277875608,-53.70524713373102,45.2128865936007
16943.359375,-43.48811066276142,58.59657275603897,-51.37077579655801,-126.6035457150992
16967.7734375,-37.6168274305553,-97.63360800512291,-52.33120179709242,56.82092153455917
16992.1875,-28.39123170907614,116.9469831998961,-53.69338405506062,-122.8048816885974
17016.6015625,-22.88505326776207,-44.71897778700084,-53.24562392978039,55.12693671025585
17041.015625,-20.35386691461655,149.0079723597409,-56.31474971710726,-121.5370533333947
17065.4296875,-19.70485107266892,-21.89085443633065,-64.20757441626473,50.17310578399928
17089.84375,-20.90115540319262,167.6434679036443,-64.0968278954511,-158.7414544057827
17114.2578125,-24.29118777769018,3.108580084749743,-61.55060902832757,10.59590124227331
17138.671875,-31.69119741956697,-155.4643020018937,-57.25960649730186,170.1088859986723
17163.0859375,-40.96344158421063,128.9382841481173,-54.30923283355061,-12.35574928397441
17187.5,-34.83391083626817,-22.62913756205296,-54.62616956522054,167.9003633274856
17211.9140625,-33.28987154552598,162.8643913165,-56.00076976835027,-10.83884871118885
17236.328125,-28.68434752402027,-20.2213544142574,-58.3605920182718,-172.4983869168902
17260.7421875,-24.66806250662538,145.1150076047547,-60.72495844949803,51.62594370955773
17285.15625,-23.78264852821059,-38.89814615722273,-61.63649199373867,-81.61469944720427
17309.5703125,-25.55963349958672,147.072962227047,-59.84282217888131,149.1853835374477
17333.984375,-29.78385789464972,-47.61504076959061,-56.58175803271902,-3.64357416620985
17358.3984375,-33.64499677513969,86.59801085472265,-55.38444661219729,-164.8573566279255
17382.8125,-38.16499566850571,-122.0708326485374,-57.27562412898934,36.75111435941389
17407.2265625,-40.61341220910695,55.88936667362979,-61.57087029846424,-81.41136730291325
17431.640625,-40.11394474475977,-79.07616332593892,-59.8539721455073,147.4517967854926
17456.0546875,-38.1077615569675,149.2278498597113,-61.24687392207317,-14.69140778501191
17480.46875,-44.38747502414354,-20.09056933567789,-64.36671263157743,-179.9794376714697
17504.8828125,-41.28754491021948,48.79539776454,-73.42268091861641,90.84558417237061
17529.296875,-32.59356347286434,-123.7326342126864,-69.41903215491411,-22.03203869792294
17553.7109375,-30.81250241188399,56.24270890071541,-77.66381951921809,-122.3660892760202
17578.125,-31.90857766688123,-141.9781201328839,-70.98750877251578,-11.82408497193805
17602.5390625,-30.72027185456289,-8.493985640828445,-60.16237534046607,164.4655521055353
17626.953125,-26.41865433692442,123.291159862462,-55.63436916967676,-18.39930763000762
17651.3671875,-23.17513500000187,-74.58243289895212,-52.86396916056561,155.1690980931116
17675.78125,-23.37177960162471,105.7207062048148,-52.28533420396879,-22.33512505464907
17700.1953125,-24.9186810551681,-79.02590996491057,-54.16091276623399,160.5712019859744
17724.609375,-25.944065844428,96.39602968277286,-58.64914869853906,-33.54903826456036
17749.0234375,-29.61496564423165,-74.64349618134666,-62.82527199082168,122.494199377899
17773.4375,-34.82632642785536,117.0512426151692,-63.38289941733997,-63.26119140413525
17797.8515625,-32.96836887608264,-73.5258715880224,-61.22464531169298,105.2601205895951
17822.265625,-33.50026613803732,84.11875485081457,-60.33194177814164,-58.43622151331955
17846.6796875,-34.09961404458981,-146.318924010109,-59.67907833433298,162.2849513757442
17871.09375,-32.17291496483976,33.50277539480539,-59.47574064350724,22.7760752782589
17895.5078125,-30.91273539001295,-134.4170427774275,-57.83220033836276,-132.7314903908383
17919.921875,-30.30182436554962,38.22921483036424,-58.46378041875302,60.6896715214241
17944.3359375,-29.68132557316439,-132.5729381532503,-61.90189375642377,-100.1486226403604
17968.75,-26.31395219856835,68.06917287247613,-74.6748271119875,23.39546819473883
17993.1640625,-23.58573039897438,-100.7293846249497,-62.92969599391058,118.3539845167378
18017.578125,-22.99958546654519,88.4634327725357,-61.67255866317575,-52.34295033997235
18041.9921875,-23.27899293222082,-83.62688936144787,-60.20988153468175,155.6803686421413
18066.40625,-24.09543558357333,110.0789558346092,-58.80353529265052,-9.402478161001641
18090.8203125,-27.47864073304586,-45.7805377111626,-59.23977212460101,-166.4102458536217
18115.234375,-32.02110763829796,-170.3007561292527,-57.77356844300138,28.85134553093202
18139.6484375,-29.1634811901925,49.38716244892271,-56.66111446242965,-161.1010895192927
18164.0625,-26.3102042058227,-125.5479710935759,-55.54871754499231,10.58959054352781
18188.4765625,-25.12717814274897,50.4428622351168,-54.21794081858046,-172.0011210665852
18212.890625,-25.09160765751203,-139.2543933553851,-54.31986136365804,2.044567616978124
18237.3046875,-25.85918063412605,23.61179082788732,-56.02441568098256,-177.9955115495777
18261.71875,-26.96944664585881,-179.2745257545185,-57.85339519717142,16.12291979832193
18286.1328125,-28.52726389096537,-7.977593828413232,-59.92663158318898,-152.375433493766
18310.546875,-30.84687562428945,169.2517027679886,-62.41044370532528,31.85999365516101
18334.9609375,-33.03992551246597,-14.63843847167397,-60.4343201444908,-151.2891153404756
18359.375,-33.3429164428054,-145.5743728926133,-56.72772672080274,21.31799743356154
18383.7890625,-27.25331142458568,76.61154344534647,-54.61057990927084,-151.9388247810183
18408.203125,-23.13584162554922,-84.31856622910287,-53.04207964720909,46.20821083871093
18432.6171875,-21.3752045474528,106.3441114024042,-52.29682698306032,-118.092410311083
18457.03125,-21.92865408477834,-68.23217496690908,-53.36097546603405,73.27448330424993
18481.4453125,-24.30996146811672,113.6799288042708,-55.84811096203104,-85.31010024479518
18505.859375,-27.77220019032022,-59.59989661168315,-55.54326379635175,118.5225385104982
18530.2734375,-30.61252855921288,131.3850525088282,-57.2035771942135,-62.63942465454345
18554.6875,-34.32918323812709,-58.95522526708434,-61.1555969975765,118.6547715623742
18579.1015625,-38.30254003401094,102.8867996680315,-58.2867044405389,-59.28434998315159
18603.515625,-37.18743083741913,-26.87473924219807,-56.99902173785909,124.2702193809223
18627.9296875,-33.01621016002719,-179.3311009848543,-58.07427195213692,-30.28472266238362
18652.34375,-32.77976382986253,16.46143538894989,-57.74165458531037,152.806247565412
18676.7578125,-30.77332183522094,-172.3866688397041,-59.39352210638652,-42.27204000727626
18701.171875,-27.58943729384332,-15.39690476115075,-73.91027671979012,138.3396839073009
18725.5859375,-28.79393102729472,149.8310539790497,-59.41192871319723,135.6486620035325
18750,-33.14196559899842,-39.08049795040831,-54.35325140583521,-45.88845475130097
18774.4140625,-32.79876564271046,157.529217038348,-53.10200777342763,122.9800902043504
18798.828125,-37.02126664919466,-6.638428835753746,-52.68368512055279,-73.21645330747707
18823.2421875,-43.09898483978124,-39.76115813882829,-53.05579965788542,87.66470086193506
18847.65625,-38.07976842490931,140.8174167913387,-53.85787201746574,-112.2647438491069
18872.0703125,-35.91536200258489,-59.11341296503734,-54.56436052992819,57.74722763216158
18896.484375,-31.7600753883285,108.1576008432663,-55.33047158141333,-119.2822008784286
18920.8984375,-29.6739728372857,-81.26470296053404,-55.36010002291847,72.95215832279808
18945.3125,-29.69468764064277,76.84659079984471,-53.82620912780957,-95.51852209932771
18969.7265625,-30.91290594026924,-134.0693527073382,-52.96355920114975,84.41725897629618
18994.140625,-38.77202314223899,0.338065700207648,-53.91241422964406,-94.89080271742337
19018.5546875,-40.50395351074862,59.35614846341129,-56.36111700196629,106.5890527206387
19042.96875,-35.48194732444973,-159.0397215054927,-59.41364284322303,-35.19945968393463
19067.3828125,-30.93278815366319,13.55214279830129,-60.31890617795654,-163.3184054544182
19091.796875,-31.32760369780922,171.1251451870951,-58.11032286589626,20.42758338464461
19116.2109375,-33.34908721305432,-59.94328607485555,-59.53654674331079,164.2614680055888
19140.625,-33.0632143089725,75.50087756773105,-61.92869430397175,-54.09750236610696
19165.0390625,-30.31836445411972,-128.1192659230861,-63.12236233623135,105.0295801666891
19189.453125,-30.42996668370463,57.01011837424648,-60.25065105715392,-102.8893151824236
19213.8671875,-38.69795529150819,-114.4757982957367,-60.94330344420741,59.10036368702447
19238.28125,-33.71591460061369,-69.24856866405808,-67.24689814508349,-132.8056565837589
19262.6953125,-26.77294566465359,105.584578676049,-71.97950045079925,92.85733149364336
19287.109375,-25.12597904368006,-83.77584563227452,-62.68865205069123,-16.28383388656089
19311.5234375,-24.92333460447338,94.67743021112467,-58.41736578059273,179.351766496164
19335.9375,-24.99170644534198,-82.62889025921497,-59.6479890278023,32.04746734500986
19360.3515625,-24.37207371184232,93.69036229911113,-56.08116264531716,-103.6850971985647
19384.765625,-25.08537231425002,-84.1367738636839,-53.08700902259449,84.11885481085605
19409.1796875,-27.96653684892008,102.1007416552625,-51.46311569981134,-97.96568616681557
19433.59375,-30.82604691857775,-73.36670710164529,-51.4969835527183,76.40482487633891
19458.0078125,-35.6866148381453,124.7166376811558,-54.11488795899113,-119.9035525419944
19482.421875,-43.97998230844265,67.88933023873541,-55.82876013947511,37.39961534129301
19506.8359375,-34.08853313380839,-76.56431972091796,-57.72395058307559,-143.187490219165
19531.25,-31.1158269242878,103.4767354638174,-59.40465474495007,68.34427983527081
19555.6640625,-27.02907702601206,-57.3654994067784,-56.51471229274567,-95.59674611745274
19580.078125,-23.71726348195376,130.893341308959,-56.66340590092329,83.71900159858481
19604.4921875,-25.07977743069138,-51.9579639262439,-61.30525178457339,-94.7407259660815
19628.90625,-32.77309127043011,143.9377489565734,-73.80479484098878,60.10544404067725
19653.3203125,-33.76497778029353,66.18555366822579,-67.05127324967411,100.4938675865388
19677.734375,-27.5621075009167,-89.01325789208983,-61.20999101165303,-101.4071745408169
19702.1484375,-23.70501104908554,82.56890623703386,-59.05754219902654,75.35579302694538
19726.5625,-21.99272476651748,-109.3298176590835,-57.53934193727797,-101.7366953033128
19750.9765625,-22.85662077061445,65.98342052219252,-55.26974460574184,82.93012847272553
19775.390625,-24.34306696938282,-113.8652179971769,-52.74359772813759,-85.83078190349242
19799.8046875,-26.82244934884899,74.92020678045762,-51.57575054349725,99.13327909108298
19824.21875,-30.78107444446742,-86.69946222540929,-51.92745871031708,-84.4978370864896
19848.6328125,-32.64553590205671,90.60335401329959,-52.2963247628754,95.15463718419331
19873.046875,-33.06911733058237,-108.1150885934248,-53.48234409844199,-80.45537325452716
19897.4609375,-36.38297704178699,78.34254415033924,-56.54122949161244,98.74368208591078
19921.875,-35.47868600219319,-9.417339003213247,-58.66112406459241,-88.80764682501706
19946.2890625,-27.12567540070173,-163.9607176435658,-60.05255161834262,77.90923435404984
19970.703125,-23.60989051003649,12.88868437000624,-62.35363898733894,-133.797619550085
19995.1171875,-22.45683259328813,-167.1982273461351,-63.87561618787997,28.50761901562644
20019.53125,-23.07105673138821,20.7819631458065,-71.41550059153347,174.9093147236607
